hash,timestamp,input_addresses,input_values,output_addresses,output_values,fee
73b3da3c9d75cfbe83968b167a73c6e24c19bad9e281f99dc638e7fe419f41dc,1662283567,['4c00fd1e746179db6363e65692dc411e6f'],[4.05286886],"['b0b909bf5df90ec5454b4278f46e965b62', '0018766e7e6e94c8889234614d70caa8f3']","[1.08619101, 2.93039999]",0.03627786
34b8c65d7dbf04dddbe069b578d45a435dca3f525bcb4f8bb621327aab3e5744,1664295449,"['f2b9d0b3002af63433f0f718e21dbf71d3', 'b0b909bf5df90ec5454b4278f46e965b62', '1e2b4323e1541425327b8344ec977c0c5f']","[9.6880969, 0.38104422, 2.46238473]",['5bc480459b557371a992acf285988e61ba'],[12.48293982],0.04858603
d49a56fe7336d49dc5721b6430ae0e2271298a18dbb642870f23654468cfd145,1648427275,['087095cac6c8e9167ff2644cb4b711b219'],[6.27656736],"['a6819b86e14dcc080dad3131a754612d07', 'e33fb5787c290f9bdded52757763dc294f', '8400eb8b1a3e0adcefc4e7e0c1f2865849', 'c8bc4d08820f7ba4bc27e23e0fe791ab19', 'edcd3c53817dd6ad53d815676fc4a501a7']","[1.42687533, 0.8579988, 1.79675122, 0.74222017, 1.42133406]",0.03138778
b8257d5fbc0ce601133e1e09a49f43bcb779815f05f648807ec96d4f28f7edff,1658391034,"['1cff2b2d72a5040bf949f2af5f278d3037', 'f2b9d0b3002af63433f0f718e21dbf71d3', 'b5d3c218b84387f31af8c334cad49decf3']","[6.91461491, 1.66325069, 6.37699125]","['6f56d512a0219b0f8d59d170836ee3d4b3', 'ac42b206328545265ca8864515dfac2320', 'a5a85c3b1b8e7b73d8b86e717f0e0d0ab4', '74109128cfa93fd21e2653113b7f09c824', '4c00fd1e746179db6363e65692dc411e6f']","[1.97639617, 6.3998417, 2.37390521, 1.53618667, 2.59942418]",0.06910292
4d958600a6ac67e25e962c3d295d1ef52fd88c4ac9aba7417b6d24bdc8c90db5,1647287818,"['a5d89643011016fa3d3f3692a96ed2188c', '8400eb8b1a3e0adcefc4e7e0c1f2865849', '6107360474f125abedda2cf4b5811cb661']","[2.63656237, 5.46526039, 3.17772203]","['1e2b4323e1541425327b8344ec977c0c5f', '6afb5dd37f43f5955327b0420efeed5a8c', 'f2b9d0b3002af63433f0f718e21dbf71d3']","[2.865263, 1.46422713, 6.87494694]",0.07510772
45e5f12b4f827579480a7914605d856f559b3a8402c9add7b0027671f3e9ec59,1661820652,"['8400eb8b1a3e0adcefc4e7e0c1f2865849', '0de526617a8519f53c89ad16a8aca3cbb5']","[0.99723636, 3.38533272]","['e33fb5787c290f9bdded52757763dc294f', 'ac42b206328545265ca8864515dfac2320', '1e2b4323e1541425327b8344ec977c0c5f', '1a5ba8941b5db74e01b84b7fbb170cf809', 'edcd3c53817dd6ad53d815676fc4a501a7']","[1.22104553, 0.9634582, 1.0295714, 0.53427164, 0.62140941]",0.0128129
0a817336ebf1949e72262ffd3bfea6b2a6f1cd9e4258117206a020176230840e,1664636673,"['6f56d512a0219b0f8d59d170836ee3d4b3', 'b5d3c218b84387f31af8c334cad49decf3', 'd8765ac844686d2a515c41c4c74072a0c5']","[3.98196924, 9.70565234, 5.55477673]",['a6819b86e14dcc080dad3131a754612d07'],[19.19853503],0.04386328
743c061c0e371e7179ab86ae3000172c329cd3acbfd1fde381c49acae0229b99,1649582930,"['087095cac6c8e9167ff2644cb4b711b219', 'edcd3c53817dd6ad53d815676fc4a501a7', '421f5a1af3e80574945e09e6b36d54a96f']","[6.16543943, 2.43748039, 5.05315307]","['16bf825a5421e2000cce3477aafcfc2c38', 'f64240b877df3e713031794d2adab75891']","[1.5638074, 12.03043782]",0.06182767
2d1839f52cb878598cf8287c55318fbc7d8ddec5cd52c44192e3ff4845ee69f2,1643723287,"['c13e1507231b2d2f1eb4ffd8930d6f88e4', '7a0716697ac80f12797099e8b694fa6093']","[2.33317363, 0.3099757]","['d932404581e0d30f792171d93ae8875ba4', '7a0716697ac80f12797099e8b694fa6093', '087095cac6c8e9167ff2644cb4b711b219']","[0.34863404, 0.92861917, 1.352978]",0.01291812
ee1775557cfa9b49d75af01d854910b57fb5a9c9aab56d3664b7294daa0b7204,1666810810,"['0de526617a8519f53c89ad16a8aca3cbb5', '001fdbddb0ffd40c7e90aa7ccab5c379db']","[7.6881284, 7.16001074]","['74109128cfa93fd21e2653113b7f09c824', 'b0bf17cb0ec28dba278010fbe3019b2802']","[5.07505625, 9.71503695]",0.05804594
7a0d6e98a26d450a060b0c9d7a362cd6f558a79e55d83a6087b481499b60ed95,1646383224,"['f64240b877df3e713031794d2adab75891', '36fb35474aa3bc78e2e3219f0b859f10ae', '6def0384f01493f604bf2a57d1b3522610']","[4.60560561, 8.97832262, 0.51359523]","['0de526617a8519f53c89ad16a8aca3cbb5', 'e33fb5787c290f9bdded52757763dc294f', '7a0716697ac80f12797099e8b694fa6093', 'e8a952079a89fad16d22c50968f377d10d', '421f5a1af3e80574945e09e6b36d54a96f']","[5.0185694, 2.24480829, 2.08673883, 0.47608766, 4.16321658]",0.1081027
d3dd17ce4d34e34818ed2ea3b5d5c52060b60680f7a10fc9d434cd92e37658ec,1647078943,"['b0bf17cb0ec28dba278010fbe3019b2802', '0018766e7e6e94c8889234614d70caa8f3', '6afb5dd37f43f5955327b0420efeed5a8c']","[8.61229893, 8.42192414, 0.10466057]",['16bf825a5421e2000cce3477aafcfc2c38'],[17.03778018],0.10110346
08852a6d9a959ad9a68888145524dcfdb6e334d528d1f745701bf8512294ec69,1648024444,"['e8a952079a89fad16d22c50968f377d10d', 'b0bf17cb0ec28dba278010fbe3019b2802']","[1.62526794, 3.24038668]","['271e9a0930ba1c71c1ea276f7b7455c4aa', '6afb5dd37f43f5955327b0420efeed5a8c']","[1.48107764, 3.37314089]",0.01143609
2899c85cab07481617b968e2fc1b3033dfd200002c0dab74a953544a2bee478c,1651269591,"['a1d3fbf7b042dd81180b7790caa7552ab6', 'edcd3c53817dd6ad53d815676fc4a501a7']","[1.5327684, 4.19463937]","['7a0716697ac80f12797099e8b694fa6093', 'a1d3fbf7b042dd81180b7790caa7552ab6']","[1.26685416, 4.4539592]",0.00659441
e231546abce3e76595e67db1b6f8f5d3cd3966c55cf936cbb277998286df6392,1646659761,"['6afb5dd37f43f5955327b0420efeed5a8c', '74109128cfa93fd21e2653113b7f09c824']","[0.77863171, 1.94491065]","['c81eb17837a18cd69cd62815767cb414c6', 'a6819b86e14dcc080dad3131a754612d07', '789dc69fcd2b7200b488a1b2460f6b9be8']","[0.47320128, 1.0232396, 1.20485601]",0.02224547
97c5966d6074e318b701db16bc71c9255ec6bed577bb860272d2ace294f4f95e,1667441798,['421f5a1af3e80574945e09e6b36d54a96f'],[8.68014254],"['087095cac6c8e9167ff2644cb4b711b219', '1e2b4323e1541425327b8344ec977c0c5f']","[3.84057019, 4.82701553]",0.01255682
f763862cb18bf9a3566681ee7e2a13e6f73a571519d10beba8b2c168c7175fd6,1652708300,['8eace064d4be6775624274e4bb19fe0adc'],[1.66882115],['416b3c5bb58aedab207936a2771934e00f'],[1.6544162],0.01440495
bd08402215593152464eca989f4156d9eedc035a683df0ad4806402e970a4609,1651891832,"['4c00fd1e746179db6363e65692dc411e6f', '6afb5dd37f43f5955327b0420efeed5a8c', 'f2b9d0b3002af63433f0f718e21dbf71d3']","[1.86031243, 0.40938328, 4.46788235]","['789dc69fcd2b7200b488a1b2460f6b9be8', 'b5d3c218b84387f31af8c334cad49decf3', '1a5ba8941b5db74e01b84b7fbb170cf809', '16bf825a5421e2000cce3477aafcfc2c38']","[2.12488034, 1.4003565, 1.11186585, 2.05010537]",0.05037
d741731694f78ccef73c46baf0e08915e1070c357a8a947b388d946904326d92,1669888293,"['b5d3c218b84387f31af8c334cad49decf3', 'e33fb5787c290f9bdded52757763dc294f']","[3.08445581, 4.13071498]","['0de526617a8519f53c89ad16a8aca3cbb5', '1a5ba8941b5db74e01b84b7fbb170cf809']","[1.12133366, 6.08507385]",0.00876328
114b515fb64dc3f343c759394c5c7aef8775cf916a397d129a8ce29c4545f0fe,1653171675,"['6107360474f125abedda2cf4b5811cb661', '4c00fd1e746179db6363e65692dc411e6f']","[5.86812062, 2.79851322]","['7a0716697ac80f12797099e8b694fa6093', '5bc480459b557371a992acf285988e61ba', '0018766e7e6e94c8889234614d70caa8f3', 'c81eb17837a18cd69cd62815767cb414c6', '001fdbddb0ffd40c7e90aa7ccab5c379db']","[2.71915589, 0.98621439, 0.84983878, 0.97837306, 3.11676007]",0.01629165
6d39796b2b65d291f060a18518f6ce45cba42717fa825edd07713fb1efb6e8f8,1648111850,['5bc480459b557371a992acf285988e61ba'],[9.10520876],"['421f5a1af3e80574945e09e6b36d54a96f', '1a5ba8941b5db74e01b84b7fbb170cf809', 'f2b9d0b3002af63433f0f718e21dbf71d3', '5bc480459b557371a992acf285988e61ba']","[3.03776574, 1.45849793, 1.82205282, 2.71936955]",0.06752272
7796d95b9fcba0a3e650559de0eab6bbccff0d4a74f17585d7a652461db1f5f5,1672218732,"['b0b909bf5df90ec5454b4278f46e965b62', '16bf825a5421e2000cce3477aafcfc2c38', 'c8bc4d08820f7ba4bc27e23e0fe791ab19']","[6.18067529, 8.19254607, 1.05165228]","['8eace064d4be6775624274e4bb19fe0adc', '271e9a0930ba1c71c1ea276f7b7455c4aa', '421f5a1af3e80574945e09e6b36d54a96f']","[1.58686209, 5.89655568, 7.81031404]",0.13114183
bc4f8ae65837d005138b77b472cdaeb28f04deb539b6ae3b6b53c426319227f7,1672308845,"['c81eb17837a18cd69cd62815767cb414c6', 'd470ce0d08f0f1fd9f47cbf9a60151d3e8', 'd932404581e0d30f792171d93ae8875ba4']","[0.22034811, 6.9320359, 2.48909428]","['22fb1014da4aa124c7d85480db981eab60', 'd8765ac844686d2a515c41c4c74072a0c5']","[3.17064362, 6.39397792]",0.07685675
0f3490732858b6784e839037022c9132dee879d380f2b97a4479ffe8d563bf34,1643998469,"['1cff2b2d72a5040bf949f2af5f278d3037', '8eace064d4be6775624274e4bb19fe0adc', '0de526617a8519f53c89ad16a8aca3cbb5']","[3.94329956, 4.96312287, 7.56999464]","['a6eb4696c3b6eb54800636699a82f28e4a', '271e9a0930ba1c71c1ea276f7b7455c4aa', '5bc480459b557371a992acf285988e61ba']","[6.72985244, 2.93011038, 6.65438044]",0.16207381
fb40cc1b8fea2284c77df81d929239572661cc3e60d8e92fd36e106f2be9df65,1652368120,"['f340d83762bd826dc64038c87ea8311b6e', 'a5a85c3b1b8e7b73d8b86e717f0e0d0ab4']","[8.24397212, 4.67109927]","['c8bc4d08820f7ba4bc27e23e0fe791ab19', '087095cac6c8e9167ff2644cb4b711b219', 'bb12d570b042d6d31d904cdebbf6bb4289']","[2.85007661, 4.38462422, 5.56726961]",0.11310095
bd63543e8ebfc0b6a692ea4215db394134c3f22463954622c346558d2e31aac5,1660523638,['0018766e7e6e94c8889234614d70caa8f3'],[9.9173881],"['5bc480459b557371a992acf285988e61ba', '4c00fd1e746179db6363e65692dc411e6f', 'a5a85c3b1b8e7b73d8b86e717f0e0d0ab4', 'bb12d570b042d6d31d904cdebbf6bb4289']","[4.82976793, 1.35306924, 1.44450264, 2.27315092]",0.01689737
5fd1af38401a3cd01bd7c4656b91ac48374f19520ba467526d26daf9161bfb88,1666158364,['4c00fd1e746179db6363e65692dc411e6f'],[8.01445991],"['c13e1507231b2d2f1eb4ffd8930d6f88e4', '7a0716697ac80f12797099e8b694fa6093', '5bc480459b557371a992acf285988e61ba', '22fb1014da4aa124c7d85480db981eab60', 'a6819b86e14dcc080dad3131a754612d07']","[2.72032908, 1.82047908, 1.03763273, 1.18281866, 1.22519249]",0.02800787
231200ed01f594a839d335b0634929ea6f26f79c9a3be5518fac8c2bda9ee520,1642503161,"['7a0716697ac80f12797099e8b694fa6093', '789dc69fcd2b7200b488a1b2460f6b9be8', 'a6819b86e14dcc080dad3131a754612d07']","[5.37281891, 4.66310869, 4.89845932]","['a6eb4696c3b6eb54800636699a82f28e4a', '4bb7c84fe6504a8adc65f84a57889a5842', '0018766e7e6e94c8889234614d70caa8f3', 'c81eb17837a18cd69cd62815767cb414c6']","[3.57157283, 3.58080082, 3.56246018, 4.13643611]",0.08311698
6c4670c7cafb0dde8b50d26bb16e9fe60e36b964617b75ebd0459efaf1736c69,1652148674,"['4c00fd1e746179db6363e65692dc411e6f', 'a5d89643011016fa3d3f3692a96ed2188c', 'a6eb4696c3b6eb54800636699a82f28e4a']","[9.29002038, 5.62109855, 6.92105782]","['6f56d512a0219b0f8d59d170836ee3d4b3', 'd56423b22f7c1fffc98b13cfc604310132', '36fb35474aa3bc78e2e3219f0b859f10ae', '6107360474f125abedda2cf4b5811cb661']","[4.47784417, 3.03341477, 2.15460173, 12.11706745]",0.04924863
122c3ffae4ce307d9db2e47c62ff13866a6e4b4655d1b1b1d219ec469a4eda96,1671735313,"['c8bc4d08820f7ba4bc27e23e0fe791ab19', 'a5d89643011016fa3d3f3692a96ed2188c', 'c81eb17837a18cd69cd62815767cb414c6']","[0.4796312, 3.09874959, 4.48337094]",['087095cac6c8e9167ff2644cb4b711b219'],[8.02975498],0.03199675
8385909ca337caab914dec1f5c8c16989ff3f71158b7b0ac97905a91edb7a4fe,1641228250,"['a1d3fbf7b042dd81180b7790caa7552ab6', 'a5a85c3b1b8e7b73d8b86e717f0e0d0ab4', '421f5a1af3e80574945e09e6b36d54a96f']","[4.71079592, 2.10027569, 2.12127082]",['6f56d512a0219b0f8d59d170836ee3d4b3'],[8.88251605],0.04982638
477c9d9934cc19382bc9181f88570a28849f86b4715a0a15e7552561a7450111,1672076314,['e33fb5787c290f9bdded52757763dc294f'],[2.39713817],"['001fdbddb0ffd40c7e90aa7ccab5c379db', 'c81eb17837a18cd69cd62815767cb414c6']","[0.28244922, 2.10117745]",0.0135115
b0664d3770b3266724ab439618ca61351da265d55e0a76929b666dc8ba56866e,1667957113,['b0b909bf5df90ec5454b4278f46e965b62'],[5.18037355],['16bf825a5421e2000cce3477aafcfc2c38'],[5.15323178],0.02714177
2d3ab6c45aab8bcbed7ccb3d70baca716b6622504635f88aa828cdc1c101e678,1641282786,['edcd3c53817dd6ad53d815676fc4a501a7'],[8.48440261],"['22fb1014da4aa124c7d85480db981eab60', 'b5d3c218b84387f31af8c334cad49decf3']","[2.2653858, 6.15515034]",0.06386647
741450ea83503baa451d893aaddf2fecb79a0f522dbb903fbf1a3ef9997d0e3c,1654200132,"['a5a85c3b1b8e7b73d8b86e717f0e0d0ab4', '271e9a0930ba1c71c1ea276f7b7455c4aa', '4bb7c84fe6504a8adc65f84a57889a5842']","[4.85707002, 1.26228274, 8.88714863]","['c13e1507231b2d2f1eb4ffd8930d6f88e4', 'd932404581e0d30f792171d93ae8875ba4', 'a5a85c3b1b8e7b73d8b86e717f0e0d0ab4', 'e33fb5787c290f9bdded52757763dc294f']","[6.48051836, 2.64699556, 2.39696495, 3.40812182]",0.0739007
5a61252c7ed67d4ce059de35526e74d457bc58c7f6ccd867aa38ebd3b3122e60,1665127898,['b0b909bf5df90ec5454b4278f46e965b62'],[5.62153063],"['c81eb17837a18cd69cd62815767cb414c6', 'ac42b206328545265ca8864515dfac2320', '4bb7c84fe6504a8adc65f84a57889a5842']","[1.96303036, 1.59227878, 2.01694107]",0.04928042
fb536f4e223820efb3024bf34b68e9127866dbec6c15ce8f2e208ead8b919357,1662125694,"['6f56d512a0219b0f8d59d170836ee3d4b3', 'd8765ac844686d2a515c41c4c74072a0c5', '421f5a1af3e80574945e09e6b36d54a96f']","[0.85751111, 1.15369564, 6.09866328]","['1e2b4323e1541425327b8344ec977c0c5f', 'd932404581e0d30f792171d93ae8875ba4', '789dc69fcd2b7200b488a1b2460f6b9be8', '6def0384f01493f604bf2a57d1b3522610']","[1.81775061, 1.68407722, 2.19509293, 2.37813153]",0.03481774
b09513da20c4faa6229b499b7588348553367681a71e48bdff7929264a5fbe85,1669823205,"['1e2b4323e1541425327b8344ec977c0c5f', '4bb7c84fe6504a8adc65f84a57889a5842', '001fdbddb0ffd40c7e90aa7ccab5c379db']","[2.93940863, 9.28521978, 4.94410152]",['16bf825a5421e2000cce3477aafcfc2c38'],[17.06032482],0.10840511
17b5c669e3edbf61ad4aa6036249175f26453c840779a14f85e4fd5e88715f56,1657049317,"['1a5ba8941b5db74e01b84b7fbb170cf809', 'd932404581e0d30f792171d93ae8875ba4']","[4.86791312, 7.64428232]","['271e9a0930ba1c71c1ea276f7b7455c4aa', 'b0b909bf5df90ec5454b4278f46e965b62']","[5.59798788, 6.84947462]",0.06473294
1ca99cd569fdb117ed176b0b5d861ced7d5c7c121c4a2ca323b60606ac910baa,1646161391,"['b0bf17cb0ec28dba278010fbe3019b2802', 'fea8970582c664cc606f9a1574c556e0d5']","[2.78567725, 6.53447383]","['6f56d512a0219b0f8d59d170836ee3d4b3', 'd56423b22f7c1fffc98b13cfc604310132']","[1.53032639, 7.77299062]",0.01683407
77b92dbf305ef803ed27edf284d420c0c92434283c200fbcbff4624603e4d5ce,1671984951,"['421f5a1af3e80574945e09e6b36d54a96f', '6def0384f01493f604bf2a57d1b3522610']","[7.9665929, 9.46739091]","['0de526617a8519f53c89ad16a8aca3cbb5', 'ac42b206328545265ca8864515dfac2320']","[3.19887748, 14.19289128]",0.04221505
1604ff9580ec99bba3d8e9b1260b656584645a7eb2e7ff4ef083278ba5e4554a,1672312784,['4c00fd1e746179db6363e65692dc411e6f'],[1.12820123],['6107360474f125abedda2cf4b5811cb661'],[1.12336355],0.00483768
c7eae882101868e08d10003b43e94696a3cb7fbba8f19933b821a9b5a6e54b3f,1644422354,['c81eb17837a18cd69cd62815767cb414c6'],[9.50347222],"['c8bc4d08820f7ba4bc27e23e0fe791ab19', '1cff2b2d72a5040bf949f2af5f278d3037']","[1.76656871, 7.69738307]",0.03952044
e3cabac96b72aa9132db27fda73075eabecfc2a054fb87bcc4a77a671a8d9065,1658901328,['c81eb17837a18cd69cd62815767cb414c6'],[6.93867629],"['f340d83762bd826dc64038c87ea8311b6e', '6def0384f01493f604bf2a57d1b3522610']","[2.15271814, 4.75755489]",0.02840326
95874cca4ff2fc6d4e9b99407f4d5357c348d8ae8911f028cac4a7f470d3b890,1654739563,['7a0716697ac80f12797099e8b694fa6093'],[3.43957682],"['d56423b22f7c1fffc98b13cfc604310132', 'b5d3c218b84387f31af8c334cad49decf3']","[0.65378165, 2.75669811]",0.02909706
d48c7d1e7309b9bf808d50f6c1b1f262b82a1951503260b4817bab695b045bde,1659064009,"['c8bc4d08820f7ba4bc27e23e0fe791ab19', '1cff2b2d72a5040bf949f2af5f278d3037', '8400eb8b1a3e0adcefc4e7e0c1f2865849']","[2.9087706, 4.92958526, 4.78628557]",['087095cac6c8e9167ff2644cb4b711b219'],[12.55096623],0.0736752
70cb48c5a359ec8a1b6c620465ecdfae013eaf09e05b81afc4902b381a43920c,1661378605,"['2217d40b7010a999b868e210cb5068a564', 'b0bf17cb0ec28dba278010fbe3019b2802']","[1.61149162, 4.3419298]",['e8a952079a89fad16d22c50968f377d10d'],[5.93359193],0.01982949
65e98de73b67505547d0ff82802e34441cc6c4a00f4658412f52b39e9acbd0b7,1645388080,"['b0b909bf5df90ec5454b4278f46e965b62', '5bc480459b557371a992acf285988e61ba', 'c8bc4d08820f7ba4bc27e23e0fe791ab19']","[0.86947991, 1.09315388, 0.9707555]","['6afb5dd37f43f5955327b0420efeed5a8c', '416b3c5bb58aedab207936a2771934e00f', '7a0716697ac80f12797099e8b694fa6093', 'd8765ac844686d2a515c41c4c74072a0c5']","[1.05433793, 0.19805287, 0.60002683, 1.06145195]",0.01951971
41e52fab8d3c717e51184a7dd09739871f70578be2c5b9f585a02433c5c013e1,1649537273,['a5a85c3b1b8e7b73d8b86e717f0e0d0ab4'],[3.95427935],"['4bb7c84fe6504a8adc65f84a57889a5842', '74109128cfa93fd21e2653113b7f09c824']","[1.2781264, 2.65104695]",0.025106
f328118ccbde649e94f4f32d2d1dab46537909699bf8d11987da021a77387b2d,1659036561,"['edcd3c53817dd6ad53d815676fc4a501a7', 'f64240b877df3e713031794d2adab75891', '7a0716697ac80f12797099e8b694fa6093']","[2.40956218, 3.52947902, 7.86303136]","['0de526617a8519f53c89ad16a8aca3cbb5', '4c00fd1e746179db6363e65692dc411e6f']","[4.01444843, 9.68807036]",0.09955377
e8854903dce449deb67611ced9da2d704690e13fc2cacd901062e6c8cada72af,1641417701,"['8eace064d4be6775624274e4bb19fe0adc', '6afb5dd37f43f5955327b0420efeed5a8c']","[1.29148443, 4.84289572]","['8400eb8b1a3e0adcefc4e7e0c1f2865849', '2217d40b7010a999b868e210cb5068a564', 'f340d83762bd826dc64038c87ea8311b6e', '416b3c5bb58aedab207936a2771934e00f', 'd56423b22f7c1fffc98b13cfc604310132']","[1.57438593, 2.21647108, 1.04349162, 0.27267999, 1.01208998]",0.01526155
d7eaeae6cb8db79ae9cecb07bc5e6604ffcb5ea83c96db6c09e526270f0313f4,1663679138,"['7a0716697ac80f12797099e8b694fa6093', 'c81eb17837a18cd69cd62815767cb414c6']","[7.44433261, 9.82129786]",['8eace064d4be6775624274e4bb19fe0adc'],[17.11350662],0.15212385
fd60b7759b214160bdd22283e5b9f6ab03d279babfb3977622183e755fef3bcc,1658536233,['6107360474f125abedda2cf4b5811cb661'],[5.43017395],"['f340d83762bd826dc64038c87ea8311b6e', 'c81eb17837a18cd69cd62815767cb414c6']","[1.73933353, 3.65641952]",0.0344209
16746054e4e5719ac52732bf2e73cce9526381c890321268151244a9b9378b3b,1662988423,"['6def0384f01493f604bf2a57d1b3522610', 'c8bc4d08820f7ba4bc27e23e0fe791ab19', 'fea8970582c664cc606f9a1574c556e0d5']","[2.10050984, 3.62310204, 2.77166053]","['74109128cfa93fd21e2653113b7f09c824', '087095cac6c8e9167ff2644cb4b711b219', 'c13e1507231b2d2f1eb4ffd8930d6f88e4']","[1.74822219, 2.63931118, 4.09673669]",0.01100235
d31d0b630fe837e66a7f4b847356fe2158f3372e2b3f2faf14c62c148ec52b36,1658749622,['74109128cfa93fd21e2653113b7f09c824'],[5.08520542],"['8eace064d4be6775624274e4bb19fe0adc', '6def0384f01493f604bf2a57d1b3522610', 'b0b909bf5df90ec5454b4278f46e965b62']","[1.24481972, 0.48270294, 3.34047258]",0.01721018
de98033f0a454e85a2c50ebb51f46efa422d734b7499c013a5120e17282c16da,1670111752,['6107360474f125abedda2cf4b5811cb661'],[0.78154587],"['8eace064d4be6775624274e4bb19fe0adc', 'a6eb4696c3b6eb54800636699a82f28e4a', 'a6819b86e14dcc080dad3131a754612d07', 'f2b9d0b3002af63433f0f718e21dbf71d3']","[0.1486371, 0.29036314, 0.12111594, 0.214134]",0.00729569
4ae53bdde3a665fbcbeed322abd2cb9808cb77482a43fbb450ac7a8e3292fc3a,1659301687,"['f2b9d0b3002af63433f0f718e21dbf71d3', 'd56423b22f7c1fffc98b13cfc604310132']","[6.83570355, 7.04729191]","['b5d3c218b84387f31af8c334cad49decf3', 'bb12d570b042d6d31d904cdebbf6bb4289']","[3.00252167, 10.82514821]",0.05532558
a3c1a5956e56086490bc42bb88d6f68664fe539a5bbbecd7d80cb7736a386d2e,1670426788,"['36fb35474aa3bc78e2e3219f0b859f10ae', 'a6819b86e14dcc080dad3131a754612d07']","[5.83412794, 9.28006438]",['789dc69fcd2b7200b488a1b2460f6b9be8'],[14.97140437],0.14278795
d6a29c61f6cfde36dcb552a57becc476fe0c5c172ba00e7ac7f4a1466105d14e,1667944655,['6def0384f01493f604bf2a57d1b3522610'],[3.78571774],"['16bf825a5421e2000cce3477aafcfc2c38', '416b3c5bb58aedab207936a2771934e00f']","[0.78859321, 2.97296261]",0.02416192
32ea8b5bc8e51c514dc41994f8e6da7009546455dcdfc69d875d879e222f41e2,1648901978,"['6afb5dd37f43f5955327b0420efeed5a8c', '1cff2b2d72a5040bf949f2af5f278d3037', 'b0b909bf5df90ec5454b4278f46e965b62']","[1.12658345, 3.48392277, 8.2934364]","['1a5ba8941b5db74e01b84b7fbb170cf809', 'a5a85c3b1b8e7b73d8b86e717f0e0d0ab4', '0018766e7e6e94c8889234614d70caa8f3', 'a6eb4696c3b6eb54800636699a82f28e4a', 'd470ce0d08f0f1fd9f47cbf9a60151d3e8']","[5.72757419, 1.11058753, 2.2724124, 0.37418219, 3.32689656]",0.09228975
d9d2b8d6dddc2f9e07c582613a58b9360a1d4e1816bdf7491a7f1e35d545a811,1666567946,"['4c00fd1e746179db6363e65692dc411e6f', '7a0716697ac80f12797099e8b694fa6093']","[1.76480539, 7.53224111]","['ac42b206328545265ca8864515dfac2320', '2217d40b7010a999b868e210cb5068a564', '74109128cfa93fd21e2653113b7f09c824', '1cff2b2d72a5040bf949f2af5f278d3037']","[3.83238638, 1.14504029, 0.97328836, 3.30516954]",0.04116193
cb4fa404e5c15813c452135c6c5c30fa4856bde2e007a4cfd4ce7009400b3ef4,1641455909,"['a6819b86e14dcc080dad3131a754612d07', '1e2b4323e1541425327b8344ec977c0c5f']","[5.83903902, 9.86326177]","['7a0716697ac80f12797099e8b694fa6093', 'a1d3fbf7b042dd81180b7790caa7552ab6', '4bb7c84fe6504a8adc65f84a57889a5842', 'c81eb17837a18cd69cd62815767cb414c6', 'b5d3c218b84387f31af8c334cad49decf3']","[6.04387557, 3.73127468, 1.30631401, 0.57985896, 3.99823846]",0.04273911
a99ffbc2bdf85b04e006cb5baac9003f366fa8cb74bf0b51a58d87f0af2797a4,1642180426,"['6107360474f125abedda2cf4b5811cb661', '6afb5dd37f43f5955327b0420efeed5a8c']","[6.42614817, 3.4657708]",['4c00fd1e746179db6363e65692dc411e6f'],[9.8174782],0.07444077
1c8dc4796e477310e4dc70f869d8b328a5d4f1fe14f93f4dff3dd24848aa3c20,1669361472,['271e9a0930ba1c71c1ea276f7b7455c4aa'],[9.21215781],"['e33fb5787c290f9bdded52757763dc294f', 'f340d83762bd826dc64038c87ea8311b6e']","[4.54292105, 4.63238829]",0.03684847
310628320677d10c48c0d94f3d45781930e5154bdfa26db42c83559948b67490,1655201655,"['16bf825a5421e2000cce3477aafcfc2c38', 'c8bc4d08820f7ba4bc27e23e0fe791ab19']","[9.54799107, 7.22730725]","['1a5ba8941b5db74e01b84b7fbb170cf809', '0de526617a8519f53c89ad16a8aca3cbb5']","[5.7865213, 10.94101649]",0.04776053
6f9b6a3ad3003161a0523267e590c4c1ec64a7a38adb0bfaf698f987725e0d8f,1654268769,"['fea8970582c664cc606f9a1574c556e0d5', '087095cac6c8e9167ff2644cb4b711b219']","[6.39400557, 2.78435001]","['f340d83762bd826dc64038c87ea8311b6e', '789dc69fcd2b7200b488a1b2460f6b9be8', 'd470ce0d08f0f1fd9f47cbf9a60151d3e8', 'a6eb4696c3b6eb54800636699a82f28e4a', '6afb5dd37f43f5955327b0420efeed5a8c']","[1.75515807, 1.50257568, 0.91110223, 0.59206198, 4.406948]",0.01050962
0e01e36e6a914630f0ad121c5986a73be8268caf87874ac150cd0a6909605544,1662609041,"['0de526617a8519f53c89ad16a8aca3cbb5', '1cff2b2d72a5040bf949f2af5f278d3037']","[5.10158332, 6.55592891]",['ac42b206328545265ca8864515dfac2320'],[11.55079584],0.10671639
bf748c7bc0d66f5184d5af76812b8cf37c4ff7d4a69b71f0e727de7815542b1a,1665989165,['d932404581e0d30f792171d93ae8875ba4'],[8.63877898],"['d932404581e0d30f792171d93ae8875ba4', 'e8a952079a89fad16d22c50968f377d10d', '0018766e7e6e94c8889234614d70caa8f3']","[2.90341797, 0.80877033, 4.87345715]",0.05313353
04b836a207d3e07fcaaf284679f0df045b0d75315f43fb88db481209ece96624,1660600460,['a6eb4696c3b6eb54800636699a82f28e4a'],[7.22832483],"['b5d3c218b84387f31af8c334cad49decf3', 'f340d83762bd826dc64038c87ea8311b6e', 'c13e1507231b2d2f1eb4ffd8930d6f88e4', 'd56423b22f7c1fffc98b13cfc604310132', '421f5a1af3e80574945e09e6b36d54a96f']","[1.87200638, 1.48854056, 1.86137631, 0.19898153, 1.7489071]",0.05851295
37ffe555675ae2ecf441f135b0e3669718cd21f4f34807af4f49f0e9c2d7556a,1649521950,"['8400eb8b1a3e0adcefc4e7e0c1f2865849', 'a5a85c3b1b8e7b73d8b86e717f0e0d0ab4', 'f2b9d0b3002af63433f0f718e21dbf71d3']","[4.90547126, 7.87772646, 4.07777702]","['a1d3fbf7b042dd81180b7790caa7552ab6', '36fb35474aa3bc78e2e3219f0b859f10ae', 'd56423b22f7c1fffc98b13cfc604310132']","[5.12697282, 4.33400886, 7.26732471]",0.13266835
0c1e90aecc21621f9c21d404714dabb5fb84ca115d3586befc83d7c3c847a1a6,1666020520,"['f340d83762bd826dc64038c87ea8311b6e', '0de526617a8519f53c89ad16a8aca3cbb5']","[8.92366738, 0.57655798]","['6afb5dd37f43f5955327b0420efeed5a8c', 'b5d3c218b84387f31af8c334cad49decf3', '1a5ba8941b5db74e01b84b7fbb170cf809', '22fb1014da4aa124c7d85480db981eab60', 'b0b909bf5df90ec5454b4278f46e965b62']","[3.91032235, 2.18963385, 1.43132922, 0.43746205, 1.44354181]",0.08793608
0efce7f021df76775ad1ca8b4c6301bfb52bad01d105b137348bc438cf2cfd3f,1659176857,"['d932404581e0d30f792171d93ae8875ba4', '8eace064d4be6775624274e4bb19fe0adc', 'e8a952079a89fad16d22c50968f377d10d']","[9.94129313, 7.77210749, 0.6458947]","['36fb35474aa3bc78e2e3219f0b859f10ae', 'e8a952079a89fad16d22c50968f377d10d', '5bc480459b557371a992acf285988e61ba', '1e2b4323e1541425327b8344ec977c0c5f']","[4.1929035, 1.79344255, 5.33235186, 6.93355894]",0.10703847
68e07b38401837547bdc391044e532b3e84a5a17bd5c0cbd70ca74c45c26f4df,1650129907,"['6afb5dd37f43f5955327b0420efeed5a8c', '22fb1014da4aa124c7d85480db981eab60', 'f64240b877df3e713031794d2adab75891']","[8.09135964, 5.23982959, 5.2030953]","['d8765ac844686d2a515c41c4c74072a0c5', '4c00fd1e746179db6363e65692dc411e6f', 'd56423b22f7c1fffc98b13cfc604310132', '8eace064d4be6775624274e4bb19fe0adc']","[3.47496724, 2.85730031, 1.44046581, 10.73221696]",0.02933421
f07e963fe523393ff0345f1e2f1abd50ba44bea838d1efb69ac45c89f4ccfeb7,1657383833,"['421f5a1af3e80574945e09e6b36d54a96f', '087095cac6c8e9167ff2644cb4b711b219']","[8.60536531, 2.45534496]","['f64240b877df3e713031794d2adab75891', 'a5d89643011016fa3d3f3692a96ed2188c']","[2.44306502, 8.59065823]",0.02698702
eb8394706bde19cbf4b22904d31dc5f850494dc0dadd1be2d74d00404bfb3d22,1669557480,"['f340d83762bd826dc64038c87ea8311b6e', '16bf825a5421e2000cce3477aafcfc2c38', 'e33fb5787c290f9bdded52757763dc294f']","[4.83446607, 8.29548364, 0.33862194]",['d56423b22f7c1fffc98b13cfc604310132'],[13.38934056],0.07923109
80f488d169c79c9c7fdff4435100d0c27a7ecc27f66205d724d91e9ccc235810,1644099478,"['d470ce0d08f0f1fd9f47cbf9a60151d3e8', '6def0384f01493f604bf2a57d1b3522610']","[4.37176404, 8.38791317]",['1cff2b2d72a5040bf949f2af5f278d3037'],[12.68470405],0.07497316
2741d4f9b01aa84ffdcdc5bb40aa2579e3c6eb15d04fcfbc21fe053f92a4b468,1657265972,['fea8970582c664cc606f9a1574c556e0d5'],[7.31253014],"['b5d3c218b84387f31af8c334cad49decf3', '16bf825a5421e2000cce3477aafcfc2c38', '6107360474f125abedda2cf4b5811cb661']","[3.46453189, 0.4065322, 3.41343205]",0.028034
f2d6fa31750cd87c92ee60c3d45cf2c5baa34198dc61d5df0c46af40712e53eb,1662395797,"['001fdbddb0ffd40c7e90aa7ccab5c379db', 'f2b9d0b3002af63433f0f718e21dbf71d3', '087095cac6c8e9167ff2644cb4b711b219']","[8.79554857, 7.66961899, 3.16076264]","['f340d83762bd826dc64038c87ea8311b6e', '271e9a0930ba1c71c1ea276f7b7455c4aa']","[5.99145759, 13.56691889]",0.06755372
3e509f0c0bb7f698b5f4529d98055c36ff5918dbf0f563c8717dbcb9d84ea273,1656889511,"['1a5ba8941b5db74e01b84b7fbb170cf809', 'a6819b86e14dcc080dad3131a754612d07', '7a0716697ac80f12797099e8b694fa6093']","[7.56420991, 1.96464283, 0.58251729]",['4bb7c84fe6504a8adc65f84a57889a5842'],[10.03951658],0.07185345
d0b22201584a6c7b17762fa71b4142b622c3f1f493af50a289219c3112b38521,1647339967,"['22fb1014da4aa124c7d85480db981eab60', 'a1d3fbf7b042dd81180b7790caa7552ab6', 'b5d3c218b84387f31af8c334cad49decf3']","[8.06329717, 1.62798786, 7.95048222]","['a5d89643011016fa3d3f3692a96ed2188c', '6afb5dd37f43f5955327b0420efeed5a8c', '1a5ba8941b5db74e01b84b7fbb170cf809']","[8.73311828, 3.30263315, 5.58707807]",0.01893775
3cf64c813c86e674d204c7a6268c831015d76c48a14337d0bc158feff8a66afb,1642043615,"['a1d3fbf7b042dd81180b7790caa7552ab6', 'a6819b86e14dcc080dad3131a754612d07']","[9.18743021, 8.78386456]",['2217d40b7010a999b868e210cb5068a564'],[17.89976833],0.07152644
a2da7dd494ea5247334325ab09427274aa67849e05f0fc45355f67ac5bf28e61,1647692890,"['6def0384f01493f604bf2a57d1b3522610', 'e8a952079a89fad16d22c50968f377d10d']","[1.85126824, 6.70730559]",['8400eb8b1a3e0adcefc4e7e0c1f2865849'],[8.49296024],0.06561359
f23dae090437b0b99d71c069b1c9e31faace9058efc158d8875b41c34b754273,1656531381,"['416b3c5bb58aedab207936a2771934e00f', 'f64240b877df3e713031794d2adab75891', 'edcd3c53817dd6ad53d815676fc4a501a7']","[0.1323911, 0.2939327, 1.49619493]","['f2b9d0b3002af63433f0f718e21dbf71d3', '1e2b4323e1541425327b8344ec977c0c5f']","[0.54787473, 1.36112219]",0.01352181
86ecd4b0958e7c23173c9492788cccdde8799ee7bf53c4e5c033033b804ffcf5,1644175751,"['5bc480459b557371a992acf285988e61ba', 'fea8970582c664cc606f9a1574c556e0d5']","[8.07352072, 2.71518694]","['1a5ba8941b5db74e01b84b7fbb170cf809', 'b5d3c218b84387f31af8c334cad49decf3', '271e9a0930ba1c71c1ea276f7b7455c4aa', '8eace064d4be6775624274e4bb19fe0adc']","[3.84226525, 3.32623289, 1.24682658, 2.31591858]",0.05746436
90676ee0cd297046c4c15b69a48fb2daee1883f0a6450353e452ca3bcd9d013f,1651192164,"['0de526617a8519f53c89ad16a8aca3cbb5', '22fb1014da4aa124c7d85480db981eab60', '8eace064d4be6775624274e4bb19fe0adc']","[0.16827646, 9.36690529, 8.58500801]","['a1d3fbf7b042dd81180b7790caa7552ab6', '7a0716697ac80f12797099e8b694fa6093']","[6.09496589, 11.97084699]",0.05437688
dbe0b740edf32088c2e7a26fb7337db56ebd91e1d3cc04d21c2897d9e844afc9,1660456115,['6f56d512a0219b0f8d59d170836ee3d4b3'],[5.90010289],"['c81eb17837a18cd69cd62815767cb414c6', 'e8a952079a89fad16d22c50968f377d10d', 'a5d89643011016fa3d3f3692a96ed2188c']","[2.39187056, 1.52812147, 1.92267663]",0.05743423
5e2fb4042da12ac0cb06d4778ca50594bffdbae673aa8e80c969d7519dccf237,1642834246,"['d470ce0d08f0f1fd9f47cbf9a60151d3e8', '36fb35474aa3bc78e2e3219f0b859f10ae', 'edcd3c53817dd6ad53d815676fc4a501a7']","[1.39946581, 8.28187147, 4.89762242]","['271e9a0930ba1c71c1ea276f7b7455c4aa', '4bb7c84fe6504a8adc65f84a57889a5842', '2217d40b7010a999b868e210cb5068a564']","[6.22753664, 1.79699348, 6.48581623]",0.06861335
24eab815e51454b0f846da648dbf7dd74efbd8a01d49fcfe412d358077ed3f60,1661496865,['1e2b4323e1541425327b8344ec977c0c5f'],[8.61254417],"['f2b9d0b3002af63433f0f718e21dbf71d3', '416b3c5bb58aedab207936a2771934e00f']","[2.99717817, 5.58469002]",0.03067598
53eb5fc6b1cd1ba4e3bcac6228e6a8a8c7cf908276f72d13c1a0297a61522de3,1654718842,"['d932404581e0d30f792171d93ae8875ba4', '6107360474f125abedda2cf4b5811cb661']","[7.00813606, 4.27468426]","['6def0384f01493f604bf2a57d1b3522610', 'c81eb17837a18cd69cd62815767cb414c6', 'b0bf17cb0ec28dba278010fbe3019b2802', 'c8bc4d08820f7ba4bc27e23e0fe791ab19', 'f64240b877df3e713031794d2adab75891']","[5.20389303, 2.84738933, 1.40577284, 0.22485952, 1.58766493]",0.01324067
cba5a95c4d614eecbb7a521848f51d78c209bcdf2c555c1390ed67614fb0e78f,1660345873,"['6afb5dd37f43f5955327b0420efeed5a8c', '74109128cfa93fd21e2653113b7f09c824']","[7.52676982, 9.97790204]","['1cff2b2d72a5040bf949f2af5f278d3037', 'd932404581e0d30f792171d93ae8875ba4']","[7.59992921, 9.85479131]",0.04995134
80685596de3711550377a592e652f17db6cdea271c4d0ccd1deb3b28609ae3cd,1645322352,['6f56d512a0219b0f8d59d170836ee3d4b3'],[8.74842168],"['74109128cfa93fd21e2653113b7f09c824', 'a6819b86e14dcc080dad3131a754612d07', '789dc69fcd2b7200b488a1b2460f6b9be8', '087095cac6c8e9167ff2644cb4b711b219']","[3.05431871, 1.73638975, 1.15816812, 2.72667326]",0.07287184
342403d895e0235344ed52c99b9bc4f28eb2cec6e86764438fee28a35981a700,1654323000,['8eace064d4be6775624274e4bb19fe0adc'],[1.94794653],"['271e9a0930ba1c71c1ea276f7b7455c4aa', '36fb35474aa3bc78e2e3219f0b859f10ae']","[0.87960203, 1.057259]",0.0110855
71524d0d706c57638436c303dfe3bd6a785fd42da05ff27148e73c767119bb93,1666930761,['1cff2b2d72a5040bf949f2af5f278d3037'],[9.93082001],"['087095cac6c8e9167ff2644cb4b711b219', 'c8bc4d08820f7ba4bc27e23e0fe791ab19', '1cff2b2d72a5040bf949f2af5f278d3037', '6107360474f125abedda2cf4b5811cb661']","[4.45412029, 1.31997999, 0.64233056, 3.48687538]",0.02751379
b4e9d348f1b9a2a1c76fb69dfa51893e70df8ebd3ced5f079aa56d11dbbdc3c9,1667492898,"['a5a85c3b1b8e7b73d8b86e717f0e0d0ab4', '4c00fd1e746179db6363e65692dc411e6f', '1a5ba8941b5db74e01b84b7fbb170cf809']","[2.8092462, 5.28641951, 7.03914109]","['4bb7c84fe6504a8adc65f84a57889a5842', '8eace064d4be6775624274e4bb19fe0adc']","[3.93371407, 11.14821188]",0.05288085
205f43f432069b5a48a920e792dfd0df6274ce6b452f0262240a2f184455fe90,1651813284,"['6f56d512a0219b0f8d59d170836ee3d4b3', '6107360474f125abedda2cf4b5811cb661', 'ac42b206328545265ca8864515dfac2320']","[0.56022034, 2.92359598, 0.51853798]","['bb12d570b042d6d31d904cdebbf6bb4289', 'f2b9d0b3002af63433f0f718e21dbf71d3', 'd470ce0d08f0f1fd9f47cbf9a60151d3e8', 'c8bc4d08820f7ba4bc27e23e0fe791ab19']","[1.73914278, 0.36985987, 0.74730391, 1.11768869]",0.02835905
013af88dab399cabff370fd07a5289e68b62419b63a1d244e07e5dab27a1d7fe,1643261803,"['c81eb17837a18cd69cd62815767cb414c6', 'e33fb5787c290f9bdded52757763dc294f', 'fea8970582c664cc606f9a1574c556e0d5']","[5.6723029, 9.89575842, 1.14651445]","['d56423b22f7c1fffc98b13cfc604310132', '4bb7c84fe6504a8adc65f84a57889a5842']","[7.84008347, 8.8505863]",0.023906
dc785bb2bec02700d32220fa7f7ae8308faaf3b83e4f629e5db4af3787b02bbb,1667900116,"['6def0384f01493f604bf2a57d1b3522610', 'f2b9d0b3002af63433f0f718e21dbf71d3', 'd932404581e0d30f792171d93ae8875ba4']","[3.13023927, 0.67840822, 3.83222666]","['bb12d570b042d6d31d904cdebbf6bb4289', '0de526617a8519f53c89ad16a8aca3cbb5', '6107360474f125abedda2cf4b5811cb661']","[2.33781981, 2.62459167, 2.62989755]",0.04856512
9576c70a7354e4e922fbab770a3b202676dec5cce45047330a1036ec00c5ecb1,1652972285,['8eace064d4be6775624274e4bb19fe0adc'],[2.25501231],"['2217d40b7010a999b868e210cb5068a564', '8eace064d4be6775624274e4bb19fe0adc', '6def0384f01493f604bf2a57d1b3522610']","[0.28863684, 0.82925213, 1.12694661]",0.01017673
fa3d9c208c67fe9bbf80b7cfc36301e0ef81f8ad85846c2e0fe57128fedbc97b,1661523801,"['8eace064d4be6775624274e4bb19fe0adc', 'f2b9d0b3002af63433f0f718e21dbf71d3']","[7.05219039, 6.37602574]","['6afb5dd37f43f5955327b0420efeed5a8c', '0de526617a8519f53c89ad16a8aca3cbb5', '416b3c5bb58aedab207936a2771934e00f', 'c8bc4d08820f7ba4bc27e23e0fe791ab19', '001fdbddb0ffd40c7e90aa7ccab5c379db']","[4.64952349, 2.52795579, 0.96250602, 1.56798684, 3.61244077]",0.10780322
148a8ac0e39da2d48d7de8edcff3167bcb370b8c2935e22860001273d871c6ad,1654603290,"['c8bc4d08820f7ba4bc27e23e0fe791ab19', 'd56423b22f7c1fffc98b13cfc604310132']","[8.18356598, 3.48891503]","['6107360474f125abedda2cf4b5811cb661', 'c8bc4d08820f7ba4bc27e23e0fe791ab19', 'e8a952079a89fad16d22c50968f377d10d', 'edcd3c53817dd6ad53d815676fc4a501a7']","[4.87939569, 1.0430734, 2.32003102, 3.38941143]",0.04056947
f5dcdc33db3ad05c2842ddb038fa62e258bc8bc116d1c9774b86a84ef0508dca,1654147758,['a6eb4696c3b6eb54800636699a82f28e4a'],[4.51052596],"['fea8970582c664cc606f9a1574c556e0d5', 'c8bc4d08820f7ba4bc27e23e0fe791ab19', '6afb5dd37f43f5955327b0420efeed5a8c', 'b5d3c218b84387f31af8c334cad49decf3', '1e2b4323e1541425327b8344ec977c0c5f']","[1.15641673, 0.93709099, 0.25845452, 0.84390792, 1.29551307]",0.01914273
0078632482070a13c1421c01b7defb4b70744e53a7260c9de78b898dd262a661,1670868181,"['d56423b22f7c1fffc98b13cfc604310132', 'd8765ac844686d2a515c41c4c74072a0c5']","[4.36816973, 4.12937668]",['16bf825a5421e2000cce3477aafcfc2c38'],[8.48270302],0.01484339
de31afa90dd8e83d18b2bca64496a7908dbbc0f88fe686f73b6d5b03c9bab010,1647241552,['d470ce0d08f0f1fd9f47cbf9a60151d3e8'],[6.55321449],"['6f56d512a0219b0f8d59d170836ee3d4b3', '0de526617a8519f53c89ad16a8aca3cbb5']","[0.72085277, 5.7816515]",0.05071022
8d31ae32848da5ec6b0553db6680413394e1f2ca6b31a97de9ba94d1c06a9e07,1641022545,"['6107360474f125abedda2cf4b5811cb661', 'c8bc4d08820f7ba4bc27e23e0fe791ab19', '8400eb8b1a3e0adcefc4e7e0c1f2865849']","[7.55445656, 9.53584785, 1.15402996]","['6afb5dd37f43f5955327b0420efeed5a8c', '421f5a1af3e80574945e09e6b36d54a96f']","[2.28966173, 15.88878152]",0.06589112
e8155b9f1d631e22b833a513094482eb1c5408fc089d6b8e74d6306cbd20811f,1671319250,"['271e9a0930ba1c71c1ea276f7b7455c4aa', 'fea8970582c664cc606f9a1574c556e0d5']","[5.97104066, 1.23997092]","['0018766e7e6e94c8889234614d70caa8f3', 'a6819b86e14dcc080dad3131a754612d07']","[2.71989156, 4.46384494]",0.02727508
1a11823724d28b6436cc641826cac933a7a503338156c357fa3cf07d5eacf827,1667252762,"['0de526617a8519f53c89ad16a8aca3cbb5', 'd470ce0d08f0f1fd9f47cbf9a60151d3e8']","[1.83271451, 2.9791363]","['f340d83762bd826dc64038c87ea8311b6e', '1e2b4323e1541425327b8344ec977c0c5f', '789dc69fcd2b7200b488a1b2460f6b9be8', 'b5d3c218b84387f31af8c334cad49decf3', '421f5a1af3e80574945e09e6b36d54a96f']","[1.68322838, 0.91081966, 1.00329837, 0.32619708, 0.87625004]",0.01205728
df16fa6248553a90080e838fc0ad325fc98a1f778586dd940923b8452b175a3a,1651531187,"['1cff2b2d72a5040bf949f2af5f278d3037', 'bb12d570b042d6d31d904cdebbf6bb4289']","[8.75138092, 6.96165428]","['e33fb5787c290f9bdded52757763dc294f', '4bb7c84fe6504a8adc65f84a57889a5842', 'f340d83762bd826dc64038c87ea8311b6e', 'fea8970582c664cc606f9a1574c556e0d5']","[6.35191541, 4.00030037, 1.9057298, 3.38323384]",0.07185578
141f400ed5ae40823d2b67229583505c65718200d5b0baa686ca548218377b60,1652463307,"['1e2b4323e1541425327b8344ec977c0c5f', '4c00fd1e746179db6363e65692dc411e6f', 'b5d3c218b84387f31af8c334cad49decf3']","[9.89881461, 0.90805315, 3.65995754]","['74109128cfa93fd21e2653113b7f09c824', '001fdbddb0ffd40c7e90aa7ccab5c379db']","[4.82157606, 9.58702227]",0.05822697
46203ba38a2523fc632600f4cabc7ac6825871c9aa3196d75e24046c4c29b391,1666072202,"['ac42b206328545265ca8864515dfac2320', 'fea8970582c664cc606f9a1574c556e0d5', '74109128cfa93fd21e2653113b7f09c824']","[3.71020771, 6.38499764, 5.8820266]","['a5a85c3b1b8e7b73d8b86e717f0e0d0ab4', '0de526617a8519f53c89ad16a8aca3cbb5', 'f64240b877df3e713031794d2adab75891']","[4.26558577, 5.2278466, 6.44204702]",0.04175256
a82fac0046109791a2c7528fd39e2cc637661eaedfae97ae21ba115c2c195c75,1644825764,['8400eb8b1a3e0adcefc4e7e0c1f2865849'],[8.76306864],['2217d40b7010a999b868e210cb5068a564'],[8.71735982],0.04570882
5ed0acb7a3cb0ad5541d6ef16ecc1daa068ecbb73f2f53b5ad2420ffeaaf74b3,1645929560,"['271e9a0930ba1c71c1ea276f7b7455c4aa', 'b0b909bf5df90ec5454b4278f46e965b62', 'c13e1507231b2d2f1eb4ffd8930d6f88e4']","[6.70146344, 5.14670326, 2.84872787]","['789dc69fcd2b7200b488a1b2460f6b9be8', 'e33fb5787c290f9bdded52757763dc294f']","[5.02608161, 9.57367673]",0.09713623
01c7508e52d6ffb4ce38eab47bb6524d030c16e19ca4f73d0d2e9efab9a3b3d8,1670058043,"['f340d83762bd826dc64038c87ea8311b6e', '8400eb8b1a3e0adcefc4e7e0c1f2865849']","[0.81625746, 7.28534914]","['0018766e7e6e94c8889234614d70caa8f3', '0de526617a8519f53c89ad16a8aca3cbb5', '1cff2b2d72a5040bf949f2af5f278d3037', 'b5d3c218b84387f31af8c334cad49decf3', '6f56d512a0219b0f8d59d170836ee3d4b3']","[2.33465981, 2.06827472, 0.83432248, 0.3124697, 2.50954625]",0.04233364
3e8ce80eab169c31feb8d9cd2652c0bee82c40095f2d39b7c5930355adae9e3e,1642604309,"['a6eb4696c3b6eb54800636699a82f28e4a', 'fea8970582c664cc606f9a1574c556e0d5', 'c8bc4d08820f7ba4bc27e23e0fe791ab19']","[1.66366143, 7.86488121, 8.41434735]",['8eace064d4be6775624274e4bb19fe0adc'],[17.87001467],0.07287532
708f30cdecc94602f247238b48b097db49dac2a7448450f409c9191758134aa6,1660130885,"['edcd3c53817dd6ad53d815676fc4a501a7', 'f2b9d0b3002af63433f0f718e21dbf71d3']","[4.37013749, 5.25245195]","['74109128cfa93fd21e2653113b7f09c824', '416b3c5bb58aedab207936a2771934e00f']","[2.58222386, 6.96200076]",0.07836482
088a617b50fee20f23143ce81b314d13676e414fe9854c589ba9e70e6e6eb8e2,1660357467,"['36fb35474aa3bc78e2e3219f0b859f10ae', '087095cac6c8e9167ff2644cb4b711b219']","[5.16432725, 6.51464721]","['f64240b877df3e713031794d2adab75891', '1e2b4323e1541425327b8344ec977c0c5f', 'b5d3c218b84387f31af8c334cad49decf3']","[4.43104269, 2.28559863, 4.88049389]",0.08183925
0a49a72f0d529a37dd2ce5a14f6678aab5f65703e0fb31f80f348508c834d9c4,1663743302,"['22fb1014da4aa124c7d85480db981eab60', 'b5d3c218b84387f31af8c334cad49decf3', 'c8bc4d08820f7ba4bc27e23e0fe791ab19']","[9.11027991, 0.25144917, 7.06123265]","['1cff2b2d72a5040bf949f2af5f278d3037', 'b0bf17cb0ec28dba278010fbe3019b2802', '6def0384f01493f604bf2a57d1b3522610', '16bf825a5421e2000cce3477aafcfc2c38']","[4.24891113, 2.51951594, 4.22514331, 5.36352076]",0.06587059
daed47c65069533ea299900c46eb4d3e6c07359aecf624eafd4a9802d96afdc4,1667169017,"['789dc69fcd2b7200b488a1b2460f6b9be8', '8eace064d4be6775624274e4bb19fe0adc']","[1.24142638, 8.50570469]","['8400eb8b1a3e0adcefc4e7e0c1f2865849', '8eace064d4be6775624274e4bb19fe0adc', '416b3c5bb58aedab207936a2771934e00f']","[4.29680853, 2.00371168, 3.43387757]",0.01273329
5fd2e9d2bdebb55ce3b7db1d51426dbda5d142b11db9cdbc2142af45c9006912,1654643460,"['ac42b206328545265ca8864515dfac2320', '16bf825a5421e2000cce3477aafcfc2c38', '6def0384f01493f604bf2a57d1b3522610']","[6.2393858, 8.82678244, 6.1631229]","['22fb1014da4aa124c7d85480db981eab60', '6f56d512a0219b0f8d59d170836ee3d4b3']","[2.11961321, 18.93047616]",0.17920177
5f3b10be15fd560d21b86b6240adc3069729ff3e5eb5c23646ba4a0743e25be4,1652032609,['d8765ac844686d2a515c41c4c74072a0c5'],[4.46903856],"['001fdbddb0ffd40c7e90aa7ccab5c379db', 'b0bf17cb0ec28dba278010fbe3019b2802', 'c13e1507231b2d2f1eb4ffd8930d6f88e4', '0018766e7e6e94c8889234614d70caa8f3']","[0.56430078, 1.76994989, 0.70179005, 1.39074744]",0.0422504
2ac239474e15ea7fb14311395866bc0d04926f3d87463e84c254b99ea4a5ebe4,1647598323,"['74109128cfa93fd21e2653113b7f09c824', 'b0bf17cb0ec28dba278010fbe3019b2802']","[7.20712994, 1.13307709]",['f64240b877df3e713031794d2adab75891'],[8.26691727],0.07328976
786730b0e9d94cde6e30f91efecd968b7d97a53d6d90b835dc9120d7be0038c1,1665495487,"['d56423b22f7c1fffc98b13cfc604310132', '2217d40b7010a999b868e210cb5068a564', 'ac42b206328545265ca8864515dfac2320']","[2.12942823, 3.12300912, 5.97986786]",['1e2b4323e1541425327b8344ec977c0c5f'],[11.1729397],0.05936551
98f022ee8329d0d7062cabeefb60428a3ef6b682f6de724479ff4bea67fe8bef,1670712717,['a6819b86e14dcc080dad3131a754612d07'],[1.00050905],"['a6819b86e14dcc080dad3131a754612d07', '8400eb8b1a3e0adcefc4e7e0c1f2865849']","[0.40841599, 0.58645106]",0.005642
6fc796f47af11082a11e6f49583a438ec5c3dcce6d12bc5fc571dc363b602f5b,1671412527,['6107360474f125abedda2cf4b5811cb661'],[8.94813035],"['2217d40b7010a999b868e210cb5068a564', 'edcd3c53817dd6ad53d815676fc4a501a7']","[1.71035129, 7.21839239]",0.01938667
497708d890c00277d29251dcc8940b58f203d2539f332c5db42f99a50b46f866,1647870592,"['789dc69fcd2b7200b488a1b2460f6b9be8', '087095cac6c8e9167ff2644cb4b711b219', 'edcd3c53817dd6ad53d815676fc4a501a7']","[1.72022747, 3.16806933, 0.18645583]","['e33fb5787c290f9bdded52757763dc294f', 'd932404581e0d30f792171d93ae8875ba4', '4c00fd1e746179db6363e65692dc411e6f']","[1.08679199, 1.70871434, 2.25480402]",0.02444228
554784dcc038e2a1878f8f17dc94fc84633d5e5390debf51aea7d66efcb7084c,1645985417,"['edcd3c53817dd6ad53d815676fc4a501a7', '8400eb8b1a3e0adcefc4e7e0c1f2865849', 'a5d89643011016fa3d3f3692a96ed2188c']","[6.09027074, 5.22733945, 8.80482672]","['5bc480459b557371a992acf285988e61ba', '4bb7c84fe6504a8adc65f84a57889a5842']","[8.02364413, 11.90032955]",0.19846323
22ab6602e0c6dcfb4dc18867ec177cffc00798cc2e58d2277aeba8c12c7120a0,1643273600,"['b0b909bf5df90ec5454b4278f46e965b62', 'd470ce0d08f0f1fd9f47cbf9a60151d3e8', '22fb1014da4aa124c7d85480db981eab60']","[7.96468195, 3.35913642, 9.55540849]","['d56423b22f7c1fffc98b13cfc604310132', '421f5a1af3e80574945e09e6b36d54a96f']","[2.24614888, 18.60360772]",0.02947026
0edf437653b006b95f4e7d44fb614dc6680af03c5b769be3e730c336e8f6b649,1668301760,['d932404581e0d30f792171d93ae8875ba4'],[0.94467417],"['6afb5dd37f43f5955327b0420efeed5a8c', 'f2b9d0b3002af63433f0f718e21dbf71d3']","[0.18144394, 0.75813375]",0.00509648
164c1ab414aea3f9361a88667903445c78c9c0f4c2e8f9374a997dbb39dcc908,1664316290,"['4c00fd1e746179db6363e65692dc411e6f', '0018766e7e6e94c8889234614d70caa8f3']","[9.04008613, 8.15267]","['36fb35474aa3bc78e2e3219f0b859f10ae', '789dc69fcd2b7200b488a1b2460f6b9be8']","[5.63739538, 11.40427459]",0.15108616
d6e4cac2ac18741adc0d1ad5e0178cd37770df38ed2102a46d6b22d307301b5b,1647590734,"['a1d3fbf7b042dd81180b7790caa7552ab6', 'c8bc4d08820f7ba4bc27e23e0fe791ab19']","[9.02471371, 9.16891508]","['a5d89643011016fa3d3f3692a96ed2188c', 'bb12d570b042d6d31d904cdebbf6bb4289']","[2.41877806, 15.60246169]",0.17238904
83ba415ba972344f1039f40855eda0981170f3d23310d747be2a639dcaffd9ef,1660113430,"['74109128cfa93fd21e2653113b7f09c824', 'fea8970582c664cc606f9a1574c556e0d5', 'a6819b86e14dcc080dad3131a754612d07']","[5.85419046, 3.11067885, 9.21748597]","['4bb7c84fe6504a8adc65f84a57889a5842', '16bf825a5421e2000cce3477aafcfc2c38', '1cff2b2d72a5040bf949f2af5f278d3037']","[6.18483752, 4.67645015, 7.2493703]",0.07169731
ee0da1287d1ca0043d52edab52d53441ebb85832767af876af5d04127b0abe15,1646835243,"['a5a85c3b1b8e7b73d8b86e717f0e0d0ab4', 'b0bf17cb0ec28dba278010fbe3019b2802']","[3.08248408, 5.27787622]","['e33fb5787c290f9bdded52757763dc294f', 'a1d3fbf7b042dd81180b7790caa7552ab6', 'c8bc4d08820f7ba4bc27e23e0fe791ab19', '8eace064d4be6775624274e4bb19fe0adc', '6def0384f01493f604bf2a57d1b3522610']","[1.46691697, 1.34790133, 1.60755338, 1.31389295, 2.56739679]",0.05669888
e8f73c93d1918ec0624e446c4b259c133ad7c273c2aab1bfd57dc5c370bd670e,1655602420,"['2217d40b7010a999b868e210cb5068a564', 'd8765ac844686d2a515c41c4c74072a0c5', 'a1d3fbf7b042dd81180b7790caa7552ab6']","[6.59964138, 2.4309701, 1.71168441]",['421f5a1af3e80574945e09e6b36d54a96f'],[10.65571862],0.08657727
2411c99d5fc2343abbbc57023a11431b1b6079dd784761e6de73aba379f291c7,1655069016,"['f340d83762bd826dc64038c87ea8311b6e', 'b0b909bf5df90ec5454b4278f46e965b62']","[2.9088814, 8.57823992]","['36fb35474aa3bc78e2e3219f0b859f10ae', '6f56d512a0219b0f8d59d170836ee3d4b3']","[3.7556777, 7.67821814]",0.05322548
a411d052720e5fb8007f0962a1df9369ee215ed7bb61dd1f2a1ac76eb1de4d03,1647492256,"['a1d3fbf7b042dd81180b7790caa7552ab6', '4bb7c84fe6504a8adc65f84a57889a5842']","[9.17677767, 6.53710843]","['271e9a0930ba1c71c1ea276f7b7455c4aa', 'b0bf17cb0ec28dba278010fbe3019b2802', '6def0384f01493f604bf2a57d1b3522610', 'd8765ac844686d2a515c41c4c74072a0c5', '416b3c5bb58aedab207936a2771934e00f']","[3.09191386, 3.15507658, 1.96876773, 1.6726844, 5.78966514]",0.03577839
ca77250f581bea7a4313802938400b99155c4e88a035759dbd96698c6a4039bb,1657460988,"['6107360474f125abedda2cf4b5811cb661', '001fdbddb0ffd40c7e90aa7ccab5c379db']","[9.84653008, 1.96892109]","['f340d83762bd826dc64038c87ea8311b6e', '1cff2b2d72a5040bf949f2af5f278d3037', 'f2b9d0b3002af63433f0f718e21dbf71d3', '6107360474f125abedda2cf4b5811cb661']","[4.72816773, 1.81964929, 0.82402975, 4.33927131]",0.10433309
f70aa1e67a2af576fe23a8dc208c95e28af2c15c5913cf079fb1b13cb16a0c09,1666619745,"['74109128cfa93fd21e2653113b7f09c824', 'a6eb4696c3b6eb54800636699a82f28e4a', 'c8bc4d08820f7ba4bc27e23e0fe791ab19']","[9.2722255, 7.14629982, 1.66647715]","['421f5a1af3e80574945e09e6b36d54a96f', '1a5ba8941b5db74e01b84b7fbb170cf809', 'b0bf17cb0ec28dba278010fbe3019b2802', '1e2b4323e1541425327b8344ec977c0c5f', 'd56423b22f7c1fffc98b13cfc604310132']","[3.13642546, 7.03556679, 1.28837019, 0.96952545, 5.61432211]",0.04079247
5f5908a7176d3273e4e1627f8a56fb00dfb736fea5f66f9bd59c532e1c64dbca,1641502664,"['22fb1014da4aa124c7d85480db981eab60', 'c8bc4d08820f7ba4bc27e23e0fe791ab19']","[6.15198358, 2.15041802]",['6afb5dd37f43f5955327b0420efeed5a8c'],[8.27097114],0.03143046
e2218c06c524fe1eef051ce8b34984643a5ee461cc24611602ac3328b806e234,1645604812,"['fea8970582c664cc606f9a1574c556e0d5', 'd932404581e0d30f792171d93ae8875ba4']","[1.87553879, 6.2578818]","['a5a85c3b1b8e7b73d8b86e717f0e0d0ab4', 'b0b909bf5df90ec5454b4278f46e965b62']","[3.58982177, 4.47103574]",0.07256308
c0f029d5af33d0eb6a4a53bd5bd70f2e8bfc89bc0b965b61e06785fc8ef665aa,1648314616,"['1e2b4323e1541425327b8344ec977c0c5f', 'c13e1507231b2d2f1eb4ffd8930d6f88e4', 'b0b909bf5df90ec5454b4278f46e965b62']","[8.28595902, 6.62220281, 7.79619526]","['5bc480459b557371a992acf285988e61ba', '0018766e7e6e94c8889234614d70caa8f3', '271e9a0930ba1c71c1ea276f7b7455c4aa']","[11.10403403, 4.21284933, 7.35352657]",0.03394716
9910b5122b9ee60ec0ce9d5631ae6cf6510492b951c8846a602e97f93ed29650,1662731512,"['fea8970582c664cc606f9a1574c556e0d5', 'e33fb5787c290f9bdded52757763dc294f']","[0.22102539, 8.95458543]","['087095cac6c8e9167ff2644cb4b711b219', '36fb35474aa3bc78e2e3219f0b859f10ae', '1e2b4323e1541425327b8344ec977c0c5f', 'f64240b877df3e713031794d2adab75891']","[2.17042555, 0.70487694, 2.69656922, 3.52693218]",0.07680693
2122084e6aa13a5bfdb99cf0808fa072fff5f801245142811552b78de0116c6e,1645702088,"['001fdbddb0ffd40c7e90aa7ccab5c379db', 'a5d89643011016fa3d3f3692a96ed2188c']","[2.89662647, 1.59190994]","['22fb1014da4aa124c7d85480db981eab60', 'a6819b86e14dcc080dad3131a754612d07']","[1.88465386, 2.59536729]",0.00851526
163c7a8847e434304ec88a0fddf2254864b3793c1d7368aa949e9dbf45ccced1,1661528024,['6def0384f01493f604bf2a57d1b3522610'],[5.33918613],"['0018766e7e6e94c8889234614d70caa8f3', 'e8a952079a89fad16d22c50968f377d10d', 'a6819b86e14dcc080dad3131a754612d07']","[2.6109187, 1.04125937, 1.68024022]",0.00676784
6ba16962ed97b7fd305465ce2ba6bae137386f3ad8f9b41bc199d0a051ca01fe,1657840022,['6def0384f01493f604bf2a57d1b3522610'],[5.34438719],"['f340d83762bd826dc64038c87ea8311b6e', 'c13e1507231b2d2f1eb4ffd8930d6f88e4', 'b0b909bf5df90ec5454b4278f46e965b62', '1a5ba8941b5db74e01b84b7fbb170cf809']","[1.43994724, 0.46464721, 1.66253352, 1.73903486]",0.03822436
7105ba1708b053b7054bff85a076f6f36f4db15b6319cd08ad6912061be990d6,1650232172,['421f5a1af3e80574945e09e6b36d54a96f'],[4.34222256],"['b0b909bf5df90ec5454b4278f46e965b62', 'bb12d570b042d6d31d904cdebbf6bb4289', 'b0bf17cb0ec28dba278010fbe3019b2802']","[1.38349557, 0.84297941, 2.07787538]",0.0378722
7b3bc676d4e931d3a6ec71a46d2d222505ea1984c244e1697add7f120d56d78e,1643217174,"['271e9a0930ba1c71c1ea276f7b7455c4aa', 'f64240b877df3e713031794d2adab75891', '74109128cfa93fd21e2653113b7f09c824']","[6.2125408, 4.9699312, 8.24272069]","['6def0384f01493f604bf2a57d1b3522610', '8400eb8b1a3e0adcefc4e7e0c1f2865849']","[4.72415303, 14.56496884]",0.13607082
c68a66c2bf745f201e097b584a4e9434bda666be5bc9a63d736b87cdfaba1f89,1665225342,"['789dc69fcd2b7200b488a1b2460f6b9be8', '087095cac6c8e9167ff2644cb4b711b219', 'e33fb5787c290f9bdded52757763dc294f']","[8.57954969, 6.2260578, 1.92773082]","['421f5a1af3e80574945e09e6b36d54a96f', '16bf825a5421e2000cce3477aafcfc2c38', 'b5d3c218b84387f31af8c334cad49decf3', '8eace064d4be6775624274e4bb19fe0adc', '087095cac6c8e9167ff2644cb4b711b219']","[7.6183525, 2.3558094, 3.18250299, 1.20452614, 2.25550932]",0.11663796
eed837e9b7ae0bf8fb29e510122e08b3849b71804aa72af092229836f8027edb,1671202790,['edcd3c53817dd6ad53d815676fc4a501a7'],[5.98617148],"['fea8970582c664cc606f9a1574c556e0d5', 'c13e1507231b2d2f1eb4ffd8930d6f88e4']","[2.7912191, 3.13975552]",0.05519686
89b0df8f9bec1d70acbba8a37359f3e4981d222b237625b732a7e6a8484d40c6,1652275841,"['f340d83762bd826dc64038c87ea8311b6e', '416b3c5bb58aedab207936a2771934e00f', 'fea8970582c664cc606f9a1574c556e0d5']","[1.22793693, 4.52910584, 2.0593116]","['4bb7c84fe6504a8adc65f84a57889a5842', '421f5a1af3e80574945e09e6b36d54a96f', 'b0b909bf5df90ec5454b4278f46e965b62', 'd8765ac844686d2a515c41c4c74072a0c5', '8eace064d4be6775624274e4bb19fe0adc']","[3.87505925, 1.26394777, 0.7036166, 0.41589194, 1.52349144]",0.03434737
a3716adf5998b3ea4fb3aac48cc613e95d0f0c5ee74b5985785434979ffd9998,1655925377,['74109128cfa93fd21e2653113b7f09c824'],[3.47336472],"['36fb35474aa3bc78e2e3219f0b859f10ae', '4bb7c84fe6504a8adc65f84a57889a5842']","[0.41205973, 3.02959407]",0.03171092
acd477fd700dd2f6bef0030a902f1474562b722d577c45223f4cf4317f78f97f,1648547604,"['8eace064d4be6775624274e4bb19fe0adc', '0018766e7e6e94c8889234614d70caa8f3']","[0.18268259, 7.46172391]","['1e2b4323e1541425327b8344ec977c0c5f', '1a5ba8941b5db74e01b84b7fbb170cf809', '1cff2b2d72a5040bf949f2af5f278d3037', '6afb5dd37f43f5955327b0420efeed5a8c']","[3.43313026, 1.57431161, 0.36236482, 2.25929954]",0.01530027
35b81c233b9cc1df2263dc9cb14cfeaae1b2e2a61699d83946e3c1368980d24a,1659104522,['001fdbddb0ffd40c7e90aa7ccab5c379db'],[3.19135984],"['74109128cfa93fd21e2653113b7f09c824', '0018766e7e6e94c8889234614d70caa8f3']","[0.72755682, 2.43892533]",0.02487769
013ed267dc0f48c525d50bd1f4bbe7750acac0f8f46bbeda2e90046b84f75710,1650166410,"['1cff2b2d72a5040bf949f2af5f278d3037', '416b3c5bb58aedab207936a2771934e00f', '4bb7c84fe6504a8adc65f84a57889a5842']","[7.13286553, 4.90970521, 3.13501962]","['a6819b86e14dcc080dad3131a754612d07', 'f340d83762bd826dc64038c87ea8311b6e', '8eace064d4be6775624274e4bb19fe0adc']","[2.61802791, 2.53290517, 9.98827692]",0.03838036
7a64271cbdc8ab75237753162509f3137c9651f01708e871f57c9e01bd61752b,1669851668,"['d932404581e0d30f792171d93ae8875ba4', '087095cac6c8e9167ff2644cb4b711b219', 'b0bf17cb0ec28dba278010fbe3019b2802']","[4.95727621, 3.47185365, 0.1640633]","['8eace064d4be6775624274e4bb19fe0adc', '1cff2b2d72a5040bf949f2af5f278d3037']","[2.71639725, 5.82676523]",0.05003068
ddcdacb9bfac615c89fd85e2dbe40fbc9d3957a227d76b59e83a26a41dfc5bef,1642534655,"['6def0384f01493f604bf2a57d1b3522610', '087095cac6c8e9167ff2644cb4b711b219', '6107360474f125abedda2cf4b5811cb661']","[0.35159835, 9.97071923, 0.94766886]","['7a0716697ac80f12797099e8b694fa6093', '271e9a0930ba1c71c1ea276f7b7455c4aa', 'e33fb5787c290f9bdded52757763dc294f', '0de526617a8519f53c89ad16a8aca3cbb5', 'a6eb4696c3b6eb54800636699a82f28e4a']","[3.24725842, 2.46420802, 0.81292262, 1.90279345, 2.7831786]",0.05962533
20a0c30496bc84ac249df241c4e56ab9dc0a698db834de71e42d8faa9d2be4d9,1656896671,['0018766e7e6e94c8889234614d70caa8f3'],[9.10305652],"['b0bf17cb0ec28dba278010fbe3019b2802', 'b0b909bf5df90ec5454b4278f46e965b62', 'a1d3fbf7b042dd81180b7790caa7552ab6', 'a6eb4696c3b6eb54800636699a82f28e4a']","[3.64268772, 0.55071845, 2.3229239, 2.55601261]",0.03071384
92415e64413cd70e984f1087287aecc21556c8df0802f806936e8aba401467e7,1645851588,"['6def0384f01493f604bf2a57d1b3522610', '087095cac6c8e9167ff2644cb4b711b219']","[7.91699046, 4.93915482]","['74109128cfa93fd21e2653113b7f09c824', 'd932404581e0d30f792171d93ae8875ba4']","[3.48483721, 9.35007019]",0.02123788
d3f972c9ee914020dbbcc9b03e18431bfbb82ab91e1fbdb9eb9e7c263c64a0a8,1650182997,"['789dc69fcd2b7200b488a1b2460f6b9be8', 'd470ce0d08f0f1fd9f47cbf9a60151d3e8', 'd56423b22f7c1fffc98b13cfc604310132']","[8.41448507, 5.26478989, 4.70796023]","['271e9a0930ba1c71c1ea276f7b7455c4aa', 'a5a85c3b1b8e7b73d8b86e717f0e0d0ab4', 'bb12d570b042d6d31d904cdebbf6bb4289', 'ac42b206328545265ca8864515dfac2320', '5bc480459b557371a992acf285988e61ba']","[8.45660126, 3.94124134, 1.161311, 1.03615112, 3.71126474]",0.08066573
dfd65eb6481fa5938dc65339ac4ecf66a1f890404734f590ded5864198712502,1643896544,['1a5ba8941b5db74e01b84b7fbb170cf809'],[1.40600477],"['087095cac6c8e9167ff2644cb4b711b219', 'edcd3c53817dd6ad53d815676fc4a501a7']","[0.66012994, 0.74102382]",0.00485101
667af61567265650d928c486766263ebbf07a47a74b6888210303a0352fe53a0,1662500097,['7a0716697ac80f12797099e8b694fa6093'],[2.7195402],"['edcd3c53817dd6ad53d815676fc4a501a7', '0018766e7e6e94c8889234614d70caa8f3', '7a0716697ac80f12797099e8b694fa6093', '1cff2b2d72a5040bf949f2af5f278d3037']","[0.30531282, 1.15921694, 0.4508335, 0.7981137]",0.00606324
6d66c84f7e75af3ce1903629e7741dec46993a7d50816761c5fe5cab43addd15,1642795229,"['d56423b22f7c1fffc98b13cfc604310132', '2217d40b7010a999b868e210cb5068a564', '6def0384f01493f604bf2a57d1b3522610']","[4.7667772, 2.02716872, 3.55840305]",['f2b9d0b3002af63433f0f718e21dbf71d3'],[10.33739363],0.01495534
bc372cb7c0579d8bf5a2065069a579484b730098cc53d7d7ca40458e02220575,1646170929,"['ac42b206328545265ca8864515dfac2320', '0de526617a8519f53c89ad16a8aca3cbb5']","[9.02280886, 5.9618463]",['1cff2b2d72a5040bf949f2af5f278d3037'],[14.91560716],0.069048
4c3421ac509a9c3812f690b0ba2ba0615f99dfebb56e7a03f474f782476440a6,1642165655,"['6107360474f125abedda2cf4b5811cb661', 'd8765ac844686d2a515c41c4c74072a0c5', '6f56d512a0219b0f8d59d170836ee3d4b3']","[6.82988867, 9.16537558, 2.0788802]",['789dc69fcd2b7200b488a1b2460f6b9be8'],[17.95907988],0.11506457
c7a3c0b5c9b3bfef083ccba215d90373b8a8a176df51556d29664299642f5a0a,1663997014,"['4c00fd1e746179db6363e65692dc411e6f', '5bc480459b557371a992acf285988e61ba', 'd56423b22f7c1fffc98b13cfc604310132']","[7.66824828, 5.82155985, 8.60768679]",['e8a952079a89fad16d22c50968f377d10d'],[21.96630246],0.13119246
97f19cfc20a5cd7e99700e8000c8f806666dcdce40ed22e4e857bd08a8738d5c,1643968851,['d470ce0d08f0f1fd9f47cbf9a60151d3e8'],[7.72944164],"['7a0716697ac80f12797099e8b694fa6093', 'f2b9d0b3002af63433f0f718e21dbf71d3', '2217d40b7010a999b868e210cb5068a564']","[3.68862571, 1.27026317, 2.73149247]",0.03906029
fbeca34916a5d43c6292cdf9d87f378f1cad1527119024d330a3091f66544ef2,1669887423,['5bc480459b557371a992acf285988e61ba'],[9.94197772],"['4c00fd1e746179db6363e65692dc411e6f', '416b3c5bb58aedab207936a2771934e00f']","[4.50255059, 5.40564173]",0.0337854
8dc520791f9c895cac61952c28dcbfbdc21b635e2b528c33f0b6212b1de4c4f9,1645969506,"['22fb1014da4aa124c7d85480db981eab60', '4bb7c84fe6504a8adc65f84a57889a5842']","[6.93948727, 3.49745789]","['2217d40b7010a999b868e210cb5068a564', 'c8bc4d08820f7ba4bc27e23e0fe791ab19']","[4.26416459, 6.10488432]",0.06789625
f7b06890ab0306463f26cfb8b34b0484e1c941e7645b1881681af860c26112b4,1656342769,"['421f5a1af3e80574945e09e6b36d54a96f', '087095cac6c8e9167ff2644cb4b711b219', '4bb7c84fe6504a8adc65f84a57889a5842']","[3.95295719, 3.57594729, 2.75970262]","['8400eb8b1a3e0adcefc4e7e0c1f2865849', '4bb7c84fe6504a8adc65f84a57889a5842', '4c00fd1e746179db6363e65692dc411e6f', 'a6819b86e14dcc080dad3131a754612d07', 'b0b909bf5df90ec5454b4278f46e965b62']","[1.66216061, 3.68293002, 0.82340348, 1.22853183, 2.79534083]",0.09624033
4ecbdc8f1fc4c189da298d5a7b9116586ffd57f87c5cc282b3c56cd53209b023,1653361053,['001fdbddb0ffd40c7e90aa7ccab5c379db'],[5.95163783],"['421f5a1af3e80574945e09e6b36d54a96f', '1e2b4323e1541425327b8344ec977c0c5f', '36fb35474aa3bc78e2e3219f0b859f10ae', 'a6eb4696c3b6eb54800636699a82f28e4a']","[1.58864791, 0.49764404, 0.63537368, 3.21743185]",0.01254035
913c2fafc809d42ce7dc74e81938c347b780fde3e15641d45e5aabd468e34ec6,1656310847,"['1a5ba8941b5db74e01b84b7fbb170cf809', '789dc69fcd2b7200b488a1b2460f6b9be8']","[5.07701222, 6.31052136]","['789dc69fcd2b7200b488a1b2460f6b9be8', 'd470ce0d08f0f1fd9f47cbf9a60151d3e8']","[2.97395151, 8.33433669]",0.07924538
7c8e3048d75ca5428c414222f95ab916258f26ebd7e18971c13355d93eeff6ed,1643901175,['271e9a0930ba1c71c1ea276f7b7455c4aa'],[2.3365049],"['f64240b877df3e713031794d2adab75891', 'c8bc4d08820f7ba4bc27e23e0fe791ab19', 'a5a85c3b1b8e7b73d8b86e717f0e0d0ab4', '6afb5dd37f43f5955327b0420efeed5a8c']","[0.6620805, 0.79740094, 0.41705862, 0.45395023]",0.00601461
c0e8f4e1c4d7e66b4d18302476e7d9037357a2fe0b588d52aba730598982ca73,1646313284,['b5d3c218b84387f31af8c334cad49decf3'],[6.22361943],"['36fb35474aa3bc78e2e3219f0b859f10ae', '271e9a0930ba1c71c1ea276f7b7455c4aa']","[2.20667387, 3.97354837]",0.04339719
9b99711544e42be7004ae0edeab7d9e8518583f59c107ab969baca274d248929,1649568944,"['6107360474f125abedda2cf4b5811cb661', '789dc69fcd2b7200b488a1b2460f6b9be8']","[0.64272033, 3.67381266]","['087095cac6c8e9167ff2644cb4b711b219', 'c8bc4d08820f7ba4bc27e23e0fe791ab19', 'c81eb17837a18cd69cd62815767cb414c6', '22fb1014da4aa124c7d85480db981eab60']","[0.72953778, 1.46588625, 0.26996475, 1.8205776]",0.03056661
268a40247e0608907a1caa353f2a70f115d573afe8ee1d333e10865073faf10b,1649798036,['f340d83762bd826dc64038c87ea8311b6e'],[9.93229353],"['087095cac6c8e9167ff2644cb4b711b219', '16bf825a5421e2000cce3477aafcfc2c38']","[1.15316645, 8.7088304]",0.07029668
0cc45fab9db2c438baf9ce8653efb29dd9218d2847b4d18b9b0313f017f5f9cf,1641007837,"['6107360474f125abedda2cf4b5811cb661', 'a5d89643011016fa3d3f3692a96ed2188c', '1cff2b2d72a5040bf949f2af5f278d3037']","[4.32823785, 3.28238645, 0.79696718]","['4bb7c84fe6504a8adc65f84a57889a5842', 'd470ce0d08f0f1fd9f47cbf9a60151d3e8', 'f340d83762bd826dc64038c87ea8311b6e']","[3.94275067, 0.83527771, 3.57753887]",0.05202423
228257691c6ae5b051353e9275df6f0eab73289ac7ec27b4037db567e83b5c94,1663075749,"['1e2b4323e1541425327b8344ec977c0c5f', 'a5a85c3b1b8e7b73d8b86e717f0e0d0ab4', '5bc480459b557371a992acf285988e61ba']","[5.7557474, 8.38065944, 7.53420373]",['0018766e7e6e94c8889234614d70caa8f3'],[21.46784272],0.20276785
bb8d3957e01699c2b44c4868e6794c40f49365c127e3013412cb08562ae30194,1649766846,['0de526617a8519f53c89ad16a8aca3cbb5'],[6.14128256],"['c13e1507231b2d2f1eb4ffd8930d6f88e4', 'bb12d570b042d6d31d904cdebbf6bb4289', 'f64240b877df3e713031794d2adab75891', 'd932404581e0d30f792171d93ae8875ba4', 'b0b909bf5df90ec5454b4278f46e965b62']","[2.14072033, 0.47180335, 0.47958244, 1.45789264, 1.58504606]",0.00623774
1b2fb336cf4acc900d95dd8d673d00d5eb4a43933789ddd9508c80f00fc65866,1659552038,"['8400eb8b1a3e0adcefc4e7e0c1f2865849', '271e9a0930ba1c71c1ea276f7b7455c4aa']","[2.43952048, 6.12177323]","['a6eb4696c3b6eb54800636699a82f28e4a', 'c13e1507231b2d2f1eb4ffd8930d6f88e4', 'd932404581e0d30f792171d93ae8875ba4', '1e2b4323e1541425327b8344ec977c0c5f']","[1.19960528, 2.82567265, 1.3906322, 3.12774461]",0.01763897
4a2c821aa9bf7bdd6dd984cd2112b7e5266f271d5a500d11608428eced1dd12c,1654321378,['f64240b877df3e713031794d2adab75891'],[3.03847132],"['6afb5dd37f43f5955327b0420efeed5a8c', '8400eb8b1a3e0adcefc4e7e0c1f2865849', '8eace064d4be6775624274e4bb19fe0adc']","[0.46714599, 0.40512362, 2.1454646]",0.02073711
e6e6c12e966693646745511d762993436cc1cbc9661d614361b50e2332e36576,1665668964,"['d932404581e0d30f792171d93ae8875ba4', '6107360474f125abedda2cf4b5811cb661', '6def0384f01493f604bf2a57d1b3522610']","[2.53999689, 1.69777084, 9.18940136]","['416b3c5bb58aedab207936a2771934e00f', 'ac42b206328545265ca8864515dfac2320', '0de526617a8519f53c89ad16a8aca3cbb5', 'bb12d570b042d6d31d904cdebbf6bb4289', '001fdbddb0ffd40c7e90aa7ccab5c379db']","[4.69723019, 3.80057512, 1.31384211, 1.26314936, 2.33126314]",0.02110917
455bdf9d55d90e190440ba0306a5f851e5bf82c07f40156c7b3a51d6906f83c8,1650099121,"['c13e1507231b2d2f1eb4ffd8930d6f88e4', 'a5d89643011016fa3d3f3692a96ed2188c', '1cff2b2d72a5040bf949f2af5f278d3037']","[8.04746773, 0.80989834, 0.66339348]","['4c00fd1e746179db6363e65692dc411e6f', 'a6819b86e14dcc080dad3131a754612d07', '0de526617a8519f53c89ad16a8aca3cbb5', '271e9a0930ba1c71c1ea276f7b7455c4aa']","[2.46339764, 2.78629575, 1.53783818, 2.66816149]",0.06506649
11a06fdba2ae7693819f6320829fe42f24abbb2c2fe16fd052d310025b76a218,1662550597,['36fb35474aa3bc78e2e3219f0b859f10ae'],[3.07731745],"['8eace064d4be6775624274e4bb19fe0adc', 'a5a85c3b1b8e7b73d8b86e717f0e0d0ab4', '7a0716697ac80f12797099e8b694fa6093', '087095cac6c8e9167ff2644cb4b711b219', '0018766e7e6e94c8889234614d70caa8f3']","[1.51986608, 0.62130593, 0.40068322, 0.07975227, 0.43007343]",0.02563652
fa98155af7695a8b7678293e5c508d2800ea37536a297fdc59b7d1a6973b8d02,1646129517,"['e33fb5787c290f9bdded52757763dc294f', '0018766e7e6e94c8889234614d70caa8f3']","[5.90654477, 1.12515862]",['b5d3c218b84387f31af8c334cad49decf3'],[6.97370574],0.05799765
772d099129acacb07c18e49eafb293c99d74789855de8a621db60009e60a6a1b,1646429882,"['e33fb5787c290f9bdded52757763dc294f', '6afb5dd37f43f5955327b0420efeed5a8c', '416b3c5bb58aedab207936a2771934e00f']","[8.21557826, 7.94399871, 9.78951536]","['c8bc4d08820f7ba4bc27e23e0fe791ab19', 'a5a85c3b1b8e7b73d8b86e717f0e0d0ab4', 'b0b909bf5df90ec5454b4278f46e965b62', '4bb7c84fe6504a8adc65f84a57889a5842']","[10.94120533, 4.84074314, 3.63206109, 6.29786992]",0.23721285
ba4b3d5dd8a791f5d4834395a4a66f75db94f51a2677bb42dd48ab5b3607d795,1661418459,"['4c00fd1e746179db6363e65692dc411e6f', '1e2b4323e1541425327b8344ec977c0c5f']","[1.21146037, 7.31474869]","['0018766e7e6e94c8889234614d70caa8f3', 'f340d83762bd826dc64038c87ea8311b6e', 'e8a952079a89fad16d22c50968f377d10d']","[1.98578132, 0.88019274, 5.6389349]",0.0213001
8508ea4bf8e67d649e4ed233ab59e73300fc221ed43fec4dc28f343ac17cf473,1657727212,"['271e9a0930ba1c71c1ea276f7b7455c4aa', '8eace064d4be6775624274e4bb19fe0adc']","[5.99204005, 4.6946995]",['d932404581e0d30f792171d93ae8875ba4'],[10.67038814],0.01635141
a32aae7cf0e06d5c496570b4daf0dbc166e5c626beb81826b6b7a43d0d69ba3c,1669380909,"['d470ce0d08f0f1fd9f47cbf9a60151d3e8', 'f340d83762bd826dc64038c87ea8311b6e']","[3.05754605, 9.86043189]","['bb12d570b042d6d31d904cdebbf6bb4289', '6afb5dd37f43f5955327b0420efeed5a8c']","[2.76261402, 10.12877709]",0.02658683
422bf172a920d8f64be83d3f237c0ad128c5296de018bf3d5d159bb91c7141af,1664865793,"['d56423b22f7c1fffc98b13cfc604310132', 'b5d3c218b84387f31af8c334cad49decf3']","[9.31415519, 6.66295251]","['a5d89643011016fa3d3f3692a96ed2188c', '2217d40b7010a999b868e210cb5068a564']","[2.16935119, 13.72313533]",0.08462118
a7a8faf24c00109fb0349ef70f0f6486e2e3ffeb39ed61794d3f58e60f613c05,1661512857,['f2b9d0b3002af63433f0f718e21dbf71d3'],[6.09994695],"['fea8970582c664cc606f9a1574c556e0d5', '789dc69fcd2b7200b488a1b2460f6b9be8', '0de526617a8519f53c89ad16a8aca3cbb5', '6107360474f125abedda2cf4b5811cb661']","[2.64330838, 1.19990931, 1.09195409, 1.14872332]",0.01605185
e5a5174e0ec32b9787607840cac3b563b38410320a91fbe89818b86698213d98,1670325963,"['0018766e7e6e94c8889234614d70caa8f3', 'a6eb4696c3b6eb54800636699a82f28e4a', '087095cac6c8e9167ff2644cb4b711b219']","[2.81410955, 3.92046204, 9.29932577]",['bb12d570b042d6d31d904cdebbf6bb4289'],[15.98827063],0.04562673
977ac72086b50d0583fa0ceefd1e0f095088437c7652359e49447b216d07b18f,1656185507,"['a5d89643011016fa3d3f3692a96ed2188c', 'd470ce0d08f0f1fd9f47cbf9a60151d3e8']","[8.48918182, 0.48173121]","['0018766e7e6e94c8889234614d70caa8f3', '0de526617a8519f53c89ad16a8aca3cbb5', 'e33fb5787c290f9bdded52757763dc294f', '1a5ba8941b5db74e01b84b7fbb170cf809', '7a0716697ac80f12797099e8b694fa6093']","[1.7969522, 2.92268643, 1.17198101, 1.51076065, 1.53686505]",0.03166769
9746ff78457cba1d0742a59726bf9e86bfd3f8dd31bbdde11a20bec43b1c5145,1646071475,"['001fdbddb0ffd40c7e90aa7ccab5c379db', 'd470ce0d08f0f1fd9f47cbf9a60151d3e8']","[7.66884241, 4.79850396]","['a1d3fbf7b042dd81180b7790caa7552ab6', '1e2b4323e1541425327b8344ec977c0c5f', '7a0716697ac80f12797099e8b694fa6093']","[4.675937, 2.3066667, 5.45038266]",0.03436001
1885a87743985d5086f7c1a41019131ccf98bf5b58e41063d76946c08a781549,1659295330,"['c8bc4d08820f7ba4bc27e23e0fe791ab19', '001fdbddb0ffd40c7e90aa7ccab5c379db', 'b0b909bf5df90ec5454b4278f46e965b62']","[1.12630278, 9.31615984, 7.8585789]","['087095cac6c8e9167ff2644cb4b711b219', 'f340d83762bd826dc64038c87ea8311b6e', 'b0bf17cb0ec28dba278010fbe3019b2802', 'f2b9d0b3002af63433f0f718e21dbf71d3']","[5.6250972, 3.74749414, 1.63067404, 7.14699165]",0.15078449
587e17b87ad935bc53bde41994a42ca1d078dca51ff9db87c29edc46f58ac569,1658362032,['f2b9d0b3002af63433f0f718e21dbf71d3'],[8.71180148],['e33fb5787c290f9bdded52757763dc294f'],[8.65732044],0.05448104
ff3f11ab57375006db3913cb766bbec0719869c99e92c53b5862f419b77f36ec,1651418982,"['edcd3c53817dd6ad53d815676fc4a501a7', '4bb7c84fe6504a8adc65f84a57889a5842', '6f56d512a0219b0f8d59d170836ee3d4b3']","[6.69769953, 0.54614958, 9.99702817]","['1e2b4323e1541425327b8344ec977c0c5f', 'b5d3c218b84387f31af8c334cad49decf3']","[7.91362352, 9.25383534]",0.07341842
fe33f0adbc2fd0bb6dd57577739e665316c43ec1762fb2cd00f586aef79009cd,1655232769,"['b0b909bf5df90ec5454b4278f46e965b62', 'd8765ac844686d2a515c41c4c74072a0c5', 'f340d83762bd826dc64038c87ea8311b6e']","[1.96976805, 9.39768259, 7.33832705]",['1cff2b2d72a5040bf949f2af5f278d3037'],[18.5506175],0.15516019
fb3085559f4d60864c286996b7211166018a9cc91f9f0233da73032fe0be7f0f,1665889844,"['a1d3fbf7b042dd81180b7790caa7552ab6', '001fdbddb0ffd40c7e90aa7ccab5c379db']","[7.40284547, 1.65447331]","['087095cac6c8e9167ff2644cb4b711b219', 'a5a85c3b1b8e7b73d8b86e717f0e0d0ab4', 'e33fb5787c290f9bdded52757763dc294f', '1a5ba8941b5db74e01b84b7fbb170cf809', '1e2b4323e1541425327b8344ec977c0c5f']","[1.86937278, 2.88170153, 1.39815778, 0.75605645, 2.06652964]",0.0855006
772cd8582527d417d2c44430d4a1548717b426fc979f2b5c9ec0329279df30b7,1642247034,['8400eb8b1a3e0adcefc4e7e0c1f2865849'],[1.37588497],"['c81eb17837a18cd69cd62815767cb414c6', 'b0bf17cb0ec28dba278010fbe3019b2802']","[0.5538051, 0.81513174]",0.00694813
be95f01a4aaf55672b49f1d79cef2aeb9ba44d45b158ad5de8e5dca10ea57619,1659203086,"['6107360474f125abedda2cf4b5811cb661', '1cff2b2d72a5040bf949f2af5f278d3037']","[0.3519204, 7.04116421]","['6107360474f125abedda2cf4b5811cb661', '087095cac6c8e9167ff2644cb4b711b219']","[1.3403156, 5.98950941]",0.0632596
df437015b125863722b08d859e7ea2537fb42cffb8d8e8b86ea38de20c723789,1655758112,"['b0bf17cb0ec28dba278010fbe3019b2802', '1a5ba8941b5db74e01b84b7fbb170cf809']","[1.41020845, 9.40378694]","['74109128cfa93fd21e2653113b7f09c824', '6afb5dd37f43f5955327b0420efeed5a8c', 'd8765ac844686d2a515c41c4c74072a0c5', 'fea8970582c664cc606f9a1574c556e0d5']","[5.02519935, 0.96004992, 1.70297727, 3.02926932]",0.09649953
3d15567dd758ffde9c5b6e8966534eaa7fc1d5c1b1306fd73277e87657d4f369,1658933355,['0de526617a8519f53c89ad16a8aca3cbb5'],[2.41676239],"['c8bc4d08820f7ba4bc27e23e0fe791ab19', 'b0b909bf5df90ec5454b4278f46e965b62', '4bb7c84fe6504a8adc65f84a57889a5842']","[0.46897265, 0.32874689, 1.61150883]",0.00753402
df3ad4b97ed53c862eeb5501dd191caa16db4ea370ba895a39393d3f8b38c358,1658065719,['bb12d570b042d6d31d904cdebbf6bb4289'],[87.06592411],['acc8f4f7fea2b305564f6b9d8ef71adeae'],[50.56000756],0.25054055
f3c6cf24d4d92af7a4978b85bb297580a289424e594c657b78ca24bdddd6bd39,1643663042,['0932eab0424fb66daf2b0d952edf58a5e9'],[1.8999107],"['16bf825a5421e2000cce3477aafcfc2c38', '789dc69fcd2b7200b488a1b2460f6b9be8', 'd8765ac844686d2a515c41c4c74072a0c5']","[1.32285586, 1.3905922, 0.38764167]",0.07477159
0bd8babd4539e85ce67a5f9bd3965a3bc10f665eb162f5f036c49cb48402e7ff,1653265481,"['d8765ac844686d2a515c41c4c74072a0c5', 'b5d3c218b84387f31af8c334cad49decf3']","[4.51477208, 3.80434352]",['0932eab0424fb66daf2b0d952edf58a5e9'],[3.40762394],0.09428276
32833685bc02b2a8788da8860a97a94189dd7fbe22ade584254fb04dd6ef4dcd,1658350489,['0932eab0424fb66daf2b0d952edf58a5e9'],[4.6185673],"['c13e1507231b2d2f1eb4ffd8930d6f88e4', '789dc69fcd2b7200b488a1b2460f6b9be8', 'd56423b22f7c1fffc98b13cfc604310132']","[0.83077962, 0.95182441, 1.47424165]",0.03139289
ab4cc588cc725bd95d89cf2a93babf40cafda89ca12a8370a5a70b2054a3754d,1672126072,"['a5d89643011016fa3d3f3692a96ed2188c', '2217d40b7010a999b868e210cb5068a564']","[3.14607616, 1.87903427]",['0932eab0424fb66daf2b0d952edf58a5e9'],[2.81996741],0.04929312
cb1fa7c04a64f6f14130442c48531ce71c76132463722a38faffb8527d238be4,1670184627,['0932eab0424fb66daf2b0d952edf58a5e9'],[2.54204845],"['6f56d512a0219b0f8d59d170836ee3d4b3', '8400eb8b1a3e0adcefc4e7e0c1f2865849', 'bb12d570b042d6d31d904cdebbf6bb4289']","[1.41401016, 1.47083454, 1.37869615]",0.09738302
b2696fcbaadd0d4b605b8e1f965de8357e6d3e1a5f229a69f1b5ba96f02a8ecd,1662714152,"['edcd3c53817dd6ad53d815676fc4a501a7', 'a6819b86e14dcc080dad3131a754612d07']","[2.45509235, 1.85425494]",['0932eab0424fb66daf2b0d952edf58a5e9'],[4.1687719],0.02581811
9e372e2d9d6bba6749b06ff9455c9887e90690727bfb658c2029101a068996b7,1657390160,['0932eab0424fb66daf2b0d952edf58a5e9'],[3.73768857],"['a5d89643011016fa3d3f3692a96ed2188c', 'ac42b206328545265ca8864515dfac2320', '001fdbddb0ffd40c7e90aa7ccab5c379db']","[1.07989649, 0.45610978, 0.96515687]",0.02124419
0b1e5da460fcdfe714269905336ed2b451c2b0ebb0f4a0776a682bd2755c38b3,1646563143,"['b0b909bf5df90ec5454b4278f46e965b62', '74109128cfa93fd21e2653113b7f09c824']","[4.32024338, 4.7372787]",['0932eab0424fb66daf2b0d952edf58a5e9'],[5.15552335],0.09439311
553d862aaca7bdb6d95d804739ad04b15876390498885678fa0aad0f8e63f7c3,1646486868,['0932eab0424fb66daf2b0d952edf58a5e9'],[1.0595121],"['edcd3c53817dd6ad53d815676fc4a501a7', 'fea8970582c664cc606f9a1574c556e0d5', '74109128cfa93fd21e2653113b7f09c824']","[0.44773559, 1.27970501, 0.39217552]",0.04970873
17f4b7dc06925346130c7514f2e5f62b4b0e2a8b68938dddf96b4f33ca068b25,1663409994,"['74109128cfa93fd21e2653113b7f09c824', '1a5ba8941b5db74e01b84b7fbb170cf809']","[3.4023104, 1.61727489]",['0932eab0424fb66daf2b0d952edf58a5e9'],[5.35426474],0.03535564
901c54a1e4c284e09e2da6a01863b613a4f933599f53b1a64674f85fa6a7cb65,1649154223,['0932eab0424fb66daf2b0d952edf58a5e9'],[3.26231464],"['a6eb4696c3b6eb54800636699a82f28e4a', 'f2b9d0b3002af63433f0f718e21dbf71d3', 'f64240b877df3e713031794d2adab75891']","[1.21523111, 0.57499766, 1.32404956]",0.05772363
624ee6606825e0590a8b8626493fcc89485fbbaf68570ce6b29dac58f5c55e50,1645589912,"['a6819b86e14dcc080dad3131a754612d07', '6afb5dd37f43f5955327b0420efeed5a8c']","[2.19069701, 1.81472709]",['0932eab0424fb66daf2b0d952edf58a5e9'],[8.19038402],0.01998519
ff87f18ffbb1d1ed952361a6261f0765db808b7cb6f2c710dbdef2ef6dab89f6,1653891729,['0932eab0424fb66daf2b0d952edf58a5e9'],[3.06404709],"['f340d83762bd826dc64038c87ea8311b6e', 'a6819b86e14dcc080dad3131a754612d07', 'd8765ac844686d2a515c41c4c74072a0c5']","[1.34739842, 0.3445264, 1.28555249]",0.03447769
a3ea006d97d45cc29d5834caf096bb62e37a5258c7b2979cbe50f2952a3f23c5,1644632401,"['1cff2b2d72a5040bf949f2af5f278d3037', 'e8a952079a89fad16d22c50968f377d10d']","[4.3465716, 4.66751097]",['0932eab0424fb66daf2b0d952edf58a5e9'],[3.30318764],0.01594564
17aeac94d16e79187f2ca9c26eb84d031ce23b948a8a8b1f3ab64a4426e8264d,1655965241,['0932eab0424fb66daf2b0d952edf58a5e9'],[3.08311162],"['8eace064d4be6775624274e4bb19fe0adc', '6afb5dd37f43f5955327b0420efeed5a8c', '8400eb8b1a3e0adcefc4e7e0c1f2865849']","[0.93938942, 1.21559905, 1.1008556]",0.08568838
aba4d3645410f85711effd33c5591aaac1aa8fc93e9a07ab69d9c75c7bc5c46b,1664331473,"['8400eb8b1a3e0adcefc4e7e0c1f2865849', '22fb1014da4aa124c7d85480db981eab60']","[4.22460447, 4.44009947]",['0932eab0424fb66daf2b0d952edf58a5e9'],[4.67447117],0.0523426
811c8cd826847f3cce56ecc0e1cd81929ff6eb1dfd15804784869fa8a3cefbad,1641058023,['0932eab0424fb66daf2b0d952edf58a5e9'],[1.90408584],"['a5a85c3b1b8e7b73d8b86e717f0e0d0ab4', '1a5ba8941b5db74e01b84b7fbb170cf809', 'a5d89643011016fa3d3f3692a96ed2188c']","[1.19810021, 0.96330666, 1.15347406]",0.08290536
42fab66a2de9027b23278ceea545a3659f5dacb7f4180cf80a5559a20e7a52b3,1662119799,"['edcd3c53817dd6ad53d815676fc4a501a7', 'a6eb4696c3b6eb54800636699a82f28e4a']","[2.71008425, 2.67825511]",['0932eab0424fb66daf2b0d952edf58a5e9'],[5.39496041],0.09768162
b142c59dc19c904d74a4f99ac9d3d062b0c9d4d9071f6997abbcd0226ab1fc10,1670087555,['0932eab0424fb66daf2b0d952edf58a5e9'],[1.87506689],"['22fb1014da4aa124c7d85480db981eab60', 'b0b909bf5df90ec5454b4278f46e965b62', 'f64240b877df3e713031794d2adab75891']","[0.6876641, 0.60551603, 1.24427726]",0.08793044
6f3a3b7c174615ca9bfe76c0244ff9f5ce627378c66b23becc6696e3f2d6b889,1668236322,"['a6819b86e14dcc080dad3131a754612d07', '2217d40b7010a999b868e210cb5068a564']","[2.06342251, 2.63793535]",['0932eab0424fb66daf2b0d952edf58a5e9'],[5.13782168],0.08139235
0f3f353d019c30582bcde78c930b66eed31d50499401059c3c1c3be4f03082fe,1667350868,['0932eab0424fb66daf2b0d952edf58a5e9'],[2.72896507],"['c8bc4d08820f7ba4bc27e23e0fe791ab19', 'bb12d570b042d6d31d904cdebbf6bb4289', '0018766e7e6e94c8889234614d70caa8f3']","[0.66213425, 0.45009776, 1.22896619]",0.01089606
e4c0390924d680b3b74c4f0a28746efc11f9baacfa6bc46ce905eb2da8209e87,1648740628,"['a5d89643011016fa3d3f3692a96ed2188c', '5bc480459b557371a992acf285988e61ba']","[3.37840367, 4.72735343]",['0932eab0424fb66daf2b0d952edf58a5e9'],[7.1307782],0.07870659
735c23762865fe52371ddcecfebde4a18ba08c5f41d0a27ab204c6a7e1acee98,1661686110,['0932eab0424fb66daf2b0d952edf58a5e9'],[1.26032911],"['d470ce0d08f0f1fd9f47cbf9a60151d3e8', 'a5a85c3b1b8e7b73d8b86e717f0e0d0ab4', 'f340d83762bd826dc64038c87ea8311b6e']","[1.31002438, 1.15283999, 0.79528768]",0.05895455
67fc28786e50ea44ed26fdf727efc513b9150df6a3f9a055982637057b9ee5fc,1666269901,"['16bf825a5421e2000cce3477aafcfc2c38', 'd470ce0d08f0f1fd9f47cbf9a60151d3e8']","[2.81494531, 2.80573546]",['0932eab0424fb66daf2b0d952edf58a5e9'],[9.52203927],0.09799837
b27dcc764c13714acf6a886b7915e32e824c8ed6d676d23428de40539a2c366c,1642282187,['0932eab0424fb66daf2b0d952edf58a5e9'],[3.25868362],"['8400eb8b1a3e0adcefc4e7e0c1f2865849', 'a6819b86e14dcc080dad3131a754612d07', 'bb12d570b042d6d31d904cdebbf6bb4289']","[0.6243299, 1.11827975, 0.76548041]",0.02427523
7f8cb0eb93be0d354b67db2415a4a99444cd206efd03adc68d57651cb682def6,1644215587,"['b5d3c218b84387f31af8c334cad49decf3', '5bc480459b557371a992acf285988e61ba']","[2.53220919, 4.79594869]",['0932eab0424fb66daf2b0d952edf58a5e9'],[5.8913264],0.09291303
d7f23cb18444d1d63264e24f4d760ab55ee35e699c57e3c85a6ee0f13472ab49,1650123969,['0932eab0424fb66daf2b0d952edf58a5e9'],[1.59804383],"['e8a952079a89fad16d22c50968f377d10d', '4c00fd1e746179db6363e65692dc411e6f', '5bc480459b557371a992acf285988e61ba']","[1.09248994, 0.73165, 1.45105494]",0.04167551
9964e2eebae719666a087f816a34a8e13878d8be8bdccef3b7963836212012bd,1657152919,"['8400eb8b1a3e0adcefc4e7e0c1f2865849', '36fb35474aa3bc78e2e3219f0b859f10ae']","[4.20629321, 2.71990649]",['0932eab0424fb66daf2b0d952edf58a5e9'],[6.30190338],0.01215017
c4209bd746ff68391715169667c5057d4731b4fb57b63d83ef80ccfb97037bd6,1670693090,['0932eab0424fb66daf2b0d952edf58a5e9'],[3.66977987],"['edcd3c53817dd6ad53d815676fc4a501a7', 'f2b9d0b3002af63433f0f718e21dbf71d3', 'a6819b86e14dcc080dad3131a754612d07']","[0.87706353, 0.75753636, 0.76827132]",0.07404161
27429384b6bf6bf9aa2603a36ac941c8189f87220dd473f64f953e995fd1b2c1,1641128451,"['6107360474f125abedda2cf4b5811cb661', 'edcd3c53817dd6ad53d815676fc4a501a7']","[1.58690779, 2.86194463]",['0932eab0424fb66daf2b0d952edf58a5e9'],[3.69477417],0.02187026
368b797dd3800915fc51d198a563f530ad35655dd4bd4391832f6c5d296b0d38,1646602998,['0932eab0424fb66daf2b0d952edf58a5e9'],[2.3590351],"['001fdbddb0ffd40c7e90aa7ccab5c379db', '6afb5dd37f43f5955327b0420efeed5a8c', '16bf825a5421e2000cce3477aafcfc2c38']","[0.33014499, 0.40072366, 0.38435226]",0.03368975
54ab4b2a06b951f6e6eb2bba5e891bed6b5dc0901a5f6f2afb0a6f48be692a4d,1655404089,"['e8a952079a89fad16d22c50968f377d10d', 'd56423b22f7c1fffc98b13cfc604310132']","[3.65599822, 4.26586338]",['0932eab0424fb66daf2b0d952edf58a5e9'],[3.07754817],0.05285192
6734ec9933f346a10771c35bee4c08c538ecfc14ba1d6b6ea1f3561ecec341c7,1650075552,['0932eab0424fb66daf2b0d952edf58a5e9'],[2.32709321],"['c81eb17837a18cd69cd62815767cb414c6', '416b3c5bb58aedab207936a2771934e00f', '0de526617a8519f53c89ad16a8aca3cbb5']","[1.24828815, 0.75337632, 1.02704813]",0.04970662
ae317344e28f24bb7ace5ee8e9179da29dd71aecaa1447ccb1483d3a5dbcbfc0,1662403876,"['b0bf17cb0ec28dba278010fbe3019b2802', 'e33fb5787c290f9bdded52757763dc294f']","[4.74215155, 2.48697398]",['0932eab0424fb66daf2b0d952edf58a5e9'],[2.01841994],0.07371496
cc276de70257ed1277c7d1cf7475abe5f211fdb0a88729cd985329a2559042e4,1643679542,['0932eab0424fb66daf2b0d952edf58a5e9'],[2.2976476],"['edcd3c53817dd6ad53d815676fc4a501a7', '789dc69fcd2b7200b488a1b2460f6b9be8', 'f2b9d0b3002af63433f0f718e21dbf71d3']","[0.34496133, 1.08031642, 1.35395063]",0.0688287
ab4be423ff2dd390b678a3e61f6d387f7acf55816729b82155cffc656e0aee74,1644997626,"['2217d40b7010a999b868e210cb5068a564', '7a0716697ac80f12797099e8b694fa6093']","[1.43347237, 2.41148058]",['0932eab0424fb66daf2b0d952edf58a5e9'],[9.62222696],0.02310684
00187bb587b8a23d631d5b466bb3388053a9ad692bdbda0a2356430baa506b9c,1649283358,['0932eab0424fb66daf2b0d952edf58a5e9'],[2.79896563],"['c81eb17837a18cd69cd62815767cb414c6', 'a6819b86e14dcc080dad3131a754612d07', 'e33fb5787c290f9bdded52757763dc294f']","[0.81023578, 1.4191928, 1.1753553]",0.04391867
084caa85c5afb0e7b5570acf9ec686bc77a81de1286777900c320d7aa750f987,1661606246,"['f2b9d0b3002af63433f0f718e21dbf71d3', 'a6819b86e14dcc080dad3131a754612d07']","[3.40485967, 3.86554569]",['0932eab0424fb66daf2b0d952edf58a5e9'],[6.63601662],0.01720809
a3e24a3dfdd254bc1bee2ee42f47c1336681dd0a64b4120c6ea63a72ea117196,1643336961,['0932eab0424fb66daf2b0d952edf58a5e9'],[3.8880595],"['b5d3c218b84387f31af8c334cad49decf3', '2217d40b7010a999b868e210cb5068a564', 'f340d83762bd826dc64038c87ea8311b6e']","[1.42987989, 0.74523413, 1.35970126]",0.06015041
7ba73dbd97b599ba3a6bc5f50bfbd3ab41110fd71c848f2b39df8efa8b67e689,1657181307,"['d8765ac844686d2a515c41c4c74072a0c5', '421f5a1af3e80574945e09e6b36d54a96f']","[2.14826258, 4.65279158]",['0932eab0424fb66daf2b0d952edf58a5e9'],[5.85831018],0.05821895
bccdf70042caae34bd62b09881025bd4f9e4f10fe61c0f8c6432d66ddf624822,1656983686,['1a5ba8941b5db74e01b84b7fbb170cf809'],[1.78603856],['542526bde3631690dbcb885eeaa1c57c48'],[1.39704961],0.08614284
3738dc5ff2b4453e97d64af756c07e5af906cbc8b60f7c35324eb7ddf4cc7f69,1672635858,['542526bde3631690dbcb885eeaa1c57c48'],[2.54808442],['5bc480459b557371a992acf285988e61ba'],[2.72222742],0.02661994
